Dataset,query_index,SU,LU,alpha_visual_weight,language_weight_1_minus_alpha,is_low_SU_10pct,is_low_language_weight_10pct,is_low_LU_10pct,V2_correct_at_1
AmsterTime,0,0.8113099932670593,0.9316897392272949,0.772686243057251,0.22731375694274902,False,False,False,False
AmsterTime,1,0.49816447496414185,0.8935624957084656,0.9069810509681702,0.09301894903182983,True,False,False,False
AmsterTime,2,0.8789830207824707,0.9230256080627441,0.6920584440231323,0.3079415559768677,False,False,False,False
AmsterTime,3,0.6552420854568481,0.9334167838096619,0.8835487365722656,0.11645126342773438,False,False,False,True
AmsterTime,4,0.8785116672515869,0.9598867297172546,0.7922523617744446,0.20774763822555542,False,False,False,False
AmsterTime,5,0.7368150949478149,0.8827705979347229,0.6658216118812561,0.3341783881187439,False,False,False,False
AmsterTime,6,0.7606968879699707,0.9530807733535767,0.8529525995254517,0.14704740047454834,False,False,False,False
AmsterTime,7,0.8245632648468018,0.9385401606559753,0.7805575132369995,0.2194424867630005,False,False,False,False
AmsterTime,8,0.766933798789978,0.9336204528808594,0.8106768131256104,0.18932318687438965,False,False,False,True
AmsterTime,9,0.8633188009262085,0.9435206651687622,0.7651948928833008,0.23480510711669922,False,False,False,False
AmsterTime,10,0.9475641250610352,0.9367058277130127,0.6851671934127808,0.31483280658721924,False,False,False,False
AmsterTime,11,0.7291027307510376,0.9090722799301147,0.7745101451873779,0.22548985481262207,False,False,False,False
AmsterTime,12,0.7291027307510376,0.92319655418396,0.8138173818588257,0.18618261814117432,False,False,False,True
AmsterTime,13,0.8033198714256287,0.9461475610733032,0.8128983378410339,0.18710166215896606,False,False,False,True
AmsterTime,14,0.7378287315368652,0.9075185060501099,0.7618037462234497,0.2381962537765503,False,False,False,True
AmsterTime,15,0.6917537450790405,0.885017991065979,0.7244228720664978,0.2755771279335022,False,False,False,False
AmsterTime,16,0.8821283578872681,0.9442593455314636,0.7537839412689209,0.2462160587310791,False,False,False,False
AmsterTime,17,0.7467136383056641,0.9310510158538818,0.8193952441215515,0.1806047558784485,False,False,False,False
AmsterTime,18,0.670153021812439,0.9410126209259033,0.8865804672241211,0.1134195327758789,False,False,False,True
AmsterTime,19,0.9313909411430359,0.9434270858764648,0.7169066667556763,0.28309333324432373,False,False,False,False
AmsterTime,20,0.8335744142532349,0.9274135231971741,0.743049144744873,0.25695085525512695,False,False,False,False
AmsterTime,21,0.7108343839645386,0.8459306955337524,0.5020666122436523,0.49793338775634766,False,False,True,False
AmsterTime,22,0.8680895566940308,0.8570201396942139,0.3893258571624756,0.6106741428375244,False,False,False,False
AmsterTime,23,0.7786840200424194,0.9022295475006104,0.7047727704048157,0.2952272295951843,False,False,False,True
AmsterTime,24,0.9070163369178772,0.9535053968429565,0.7597774267196655,0.24022257328033447,False,False,False,False
AmsterTime,25,0.8544155359268188,0.950053870677948,0.7869067192077637,0.21309328079223633,False,False,False,False
AmsterTime,26,0.8037315607070923,0.9514588713645935,0.8232961297035217,0.17670387029647827,False,False,False,False
AmsterTime,27,0.8037315607070923,0.9404178857803345,0.8000288605690002,0.19997113943099976,False,False,False,True
AmsterTime,28,0.5278144478797913,0.9251294136047363,0.9341670870780945,0.06583291292190552,False,True,False,True
AmsterTime,29,0.4540410041809082,0.8569612503051758,0.8564382195472717,0.14356178045272827,True,False,False,True
AmsterTime,30,0.7459183931350708,0.9375985860824585,0.8340539336204529,0.16594606637954712,False,False,False,True
AmsterTime,31,0.6786534786224365,0.8346235752105713,0.4777926504611969,0.5222073793411255,False,False,True,True
AmsterTime,32,0.7748092412948608,0.9110674262046814,0.740432858467102,0.25956714153289795,False,False,False,False
AmsterTime,33,0.5733288526535034,0.8902769684791565,0.8514533042907715,0.14854669570922852,False,False,False,True
AmsterTime,34,0.6971089839935303,0.8972299098968506,0.7648370862007141,0.2351629137992859,False,False,False,False
AmsterTime,35,0.3945392966270447,0.9319562911987305,0.9739644527435303,0.026035547256469727,True,True,False,True
AmsterTime,36,0.740607738494873,0.9430208206176758,0.8479668498039246,0.15203315019607544,False,False,False,False
AmsterTime,37,0.7815719842910767,0.9401950240135193,0.8150621652603149,0.18493783473968506,False,False,False,False
AmsterTime,38,0.6511776447296143,0.8578687310218811,0.6463299989700317,0.35367000102996826,False,False,False,False
AmsterTime,39,0.6511776447296143,0.8996515870094299,0.8137408494949341,0.18625915050506592,False,False,False,True
AmsterTime,40,0.5584316253662109,0.9430482387542725,0.9389695525169373,0.061030447483062744,False,True,False,True
AmsterTime,41,0.8995369672775269,0.857594907283783,0.36441999673843384,0.6355800032615662,False,False,False,False
AmsterTime,42,0.6318475604057312,0.8626532554626465,0.6940814256668091,0.3059185743331909,False,False,False,True
AmsterTime,43,0.6472828388214111,0.878423810005188,0.7451512217521667,0.25484877824783325,False,False,False,True
AmsterTime,44,0.5009273886680603,0.9272328615188599,0.945600152015686,0.054399847984313965,True,True,False,True
AmsterTime,45,0.4186380207538605,0.9183054566383362,0.9624239206314087,0.03757607936859131,True,True,False,True
AmsterTime,46,0.7942619919776917,0.877275288105011,0.5752413272857666,0.4247586727142334,False,False,False,True
AmsterTime,47,0.5373419523239136,0.9136149883270264,0.916892945766449,0.08310705423355103,False,True,False,True
AmsterTime,48,0.6076314449310303,0.9264481663703918,0.8993440866470337,0.10065591335296631,False,False,False,True
AmsterTime,49,0.4765715003013611,0.9340691566467285,0.9575799703598022,0.042420029640197754,True,True,False,True
AmsterTime,50,0.5357935428619385,0.9217760562896729,0.9274618625640869,0.07253813743591309,False,True,False,True
AmsterTime,51,0.6855943202972412,0.8694618344306946,0.6619014739990234,0.33809852600097656,False,False,False,True
AmsterTime,52,0.5649268627166748,0.849449872970581,0.7139182090759277,0.28608179092407227,False,False,False,True
AmsterTime,53,0.7264052629470825,0.8626886010169983,0.5771202445030212,0.42287975549697876,False,False,False,False
AmsterTime,54,0.7743144035339355,0.869744062423706,0.558131217956543,0.44186878204345703,False,False,False,True
AmsterTime,55,0.516964316368103,0.8523142337799072,0.7819823622703552,0.21801763772964478,False,False,False,True
AmsterTime,56,0.6203387379646301,0.8014273047447205,0.3598702549934387,0.6401297450065613,False,False,True,True
AmsterTime,57,0.676250696182251,0.861571729183197,0.6337305307388306,0.36626946926116943,False,False,False,True
AmsterTime,58,0.5760700702667236,0.9245673418045044,0.9127166271209717,0.08728337287902832,False,True,False,True
AmsterTime,59,0.5760700702667236,0.9217579364776611,0.9090032577514648,0.09099674224853516,False,False,False,False
AmsterTime,60,0.8705246448516846,0.907631516456604,0.6406701803207397,0.35932981967926025,False,False,False,False
AmsterTime,61,0.9083622694015503,0.9250113368034363,0.6754311919212341,0.32456880807876587,False,False,False,False
AmsterTime,62,0.9138675928115845,0.9383297562599182,0.7145112752914429,0.28548872470855713,False,False,False,True
AmsterTime,63,0.7668983936309814,0.9785652756690979,0.8839983940124512,0.11600160598754883,False,False,False,False
AmsterTime,64,0.7668983936309814,0.9654483199119568,0.8679169416427612,0.13208305835723877,False,False,False,True
AmsterTime,65,0.7177883386611938,0.9423379898071289,0.8609943389892578,0.1390056610107422,False,False,False,False
AmsterTime,66,0.7935549020767212,0.9348266124725342,0.7940962314605713,0.2059037685394287,False,False,False,True
AmsterTime,67,0.8440537452697754,0.9233077764511108,0.721650242805481,0.27834975719451904,False,False,False,False
AmsterTime,68,0.7191702723503113,0.9157989621162415,0.8024619221687317,0.1975380778312683,False,False,False,True
AmsterTime,69,0.502358078956604,0.8490152359008789,0.7847453951835632,0.21525460481643677,True,False,True,True
AmsterTime,70,0.807884156703949,0.9289486408233643,0.767827570438385,0.232172429561615,False,False,False,False
AmsterTime,71,0.6218259930610657,0.8735929727554321,0.753144383430481,0.24685561656951904,False,False,False,False
AmsterTime,72,0.6218259930610657,0.9092729091644287,0.8602877855300903,0.13971221446990967,False,False,False,False
AmsterTime,73,0.8611499071121216,0.8929277062416077,0.5838620066642761,0.4161379933357239,False,False,False,True
AmsterTime,74,0.8611499071121216,0.8816608190536499,0.5279443264007568,0.47205567359924316,False,False,False,False
AmsterTime,75,0.6856811046600342,0.9207514524459839,0.8402253985404968,0.15977460145950317,False,False,False,False
AmsterTime,76,0.7863361239433289,0.8874034881591797,0.6336235404014587,0.36637645959854126,False,False,False,False
AmsterTime,77,0.7863361239433289,0.9221449494361877,0.7655880451202393,0.23441195487976074,False,False,False,False
AmsterTime,78,0.4915803074836731,0.8578727841377258,0.8270214796066284,0.17297852039337158,True,False,False,True
AmsterTime,79,0.6085740327835083,0.9182369709014893,0.8859478235244751,0.1140521764755249,False,False,False,True
AmsterTime,80,0.4418945014476776,0.9316562414169312,0.9646018147468567,0.03539818525314331,True,True,False,True
AmsterTime,81,0.7360795736312866,0.8988370895385742,0.733161211013794,0.26683878898620605,False,False,False,True
AmsterTime,82,0.6189025044441223,0.9448902010917664,0.9167644381523132,0.08323556184768677,False,True,False,False
AmsterTime,83,0.8902027606964111,0.9182431101799011,0.665550172328949,0.334449827671051,False,False,False,False
AmsterTime,84,0.6450283527374268,0.8863621950149536,0.7771365642547607,0.22286343574523926,False,False,False,False
AmsterTime,85,0.8526575565338135,0.8799761533737183,0.527692437171936,0.47230756282806396,False,False,False,False
AmsterTime,86,0.6014231443405151,0.9003093242645264,0.8547540903091431,0.14524590969085693,False,False,False,False
AmsterTime,87,0.7488070726394653,0.9193949103355408,0.7883415222167969,0.21165847778320312,False,False,False,True
AmsterTime,88,0.3884795904159546,0.8482944965362549,0.8827959895133972,0.11720401048660278,True,False,True,True
AmsterTime,89,0.29574286937713623,0.913063645362854,0.9816169738769531,0.018383026123046875,True,True,False,True
AmsterTime,90,0.7377439737319946,0.9369850158691406,0.8383240699768066,0.16167593002319336,False,False,False,False
AmsterTime,91,0.771888017654419,0.9469804763793945,0.8352751731872559,0.16472482681274414,False,False,False,False
AmsterTime,92,0.7278003692626953,0.8813954591751099,0.6695157289505005,0.3304842710494995,False,False,False,False
AmsterTime,93,0.48078328371047974,0.8931188583374023,0.9152697920799255,0.08473020792007446,True,True,False,True
AmsterTime,94,0.9040098190307617,0.7766908407211304,0.07284612208604813,0.9271538853645325,False,False,True,False
AmsterTime,95,0.868013858795166,0.939160943031311,0.7503851056098938,0.2496148943901062,False,False,False,False
AmsterTime,96,0.927000105381012,0.8986984491348267,0.5512070059776306,0.4487929940223694,False,False,False,True
AmsterTime,97,0.927000105381012,0.8732495903968811,0.4232602119445801,0.5767397880554199,False,False,False,False
AmsterTime,98,0.6877440214157104,0.9217891693115234,0.8410437107086182,0.15895628929138184,False,False,False,False
AmsterTime,99,0.8762325048446655,0.8678984642028809,0.4403640031814575,0.5596359968185425,False,False,False,False
AmsterTime,100,0.8732701539993286,0.9501171112060547,0.7743285894393921,0.2256714105606079,False,False,False,False
AmsterTime,101,0.5297702550888062,0.9142885208129883,0.9212630391120911,0.07873696088790894,False,True,False,True
AmsterTime,102,0.8730314373970032,0.93330979347229,0.729947566986084,0.270052433013916,False,False,False,False
AmsterTime,103,0.8428922891616821,0.9129524827003479,0.686326265335083,0.313673734664917,False,False,False,True
AmsterTime,104,0.8256927728652954,0.9199227094650269,0.725825309753418,0.27417469024658203,False,False,False,False
AmsterTime,105,0.725597620010376,0.896901547908783,0.7361956238746643,0.2638043761253357,False,False,False,True
AmsterTime,106,0.8485720157623291,0.9178142547607422,0.6991363763809204,0.3008636236190796,False,False,False,False
AmsterTime,107,0.37451112270355225,0.880103349685669,0.9434678554534912,0.05653214454650879,True,True,False,True
AmsterTime,108,0.5859509706497192,0.8112243413925171,0.46744975447654724,0.5325502157211304,False,False,True,True
AmsterTime,109,0.8244244456291199,0.9332363605499268,0.7668538093566895,0.23314619064331055,False,False,False,True
AmsterTime,110,0.8804870843887329,0.9187030792236328,0.6753603219985962,0.3246396780014038,False,False,False,False
AmsterTime,111,0.6573057174682617,0.8449785113334656,0.5677229166030884,0.4322770833969116,False,False,True,True
AmsterTime,112,0.8962429761886597,0.937214195728302,0.7241106033325195,0.27588939666748047,False,False,False,False
AmsterTime,113,0.44847893714904785,0.8627169132232666,0.875597357749939,0.12440264225006104,True,False,False,True
AmsterTime,114,0.743379533290863,0.8502098917961121,0.48593220114707947,0.5140677690505981,False,False,False,True
AmsterTime,115,0.9469847679138184,0.9296140670776367,0.6619412899017334,0.3380587100982666,False,False,False,False
AmsterTime,116,0.6494201421737671,0.906895101070404,0.834547221660614,0.165452778339386,False,False,False,True
AmsterTime,117,0.5015493035316467,0.9424272179603577,0.9560298919677734,0.04397010803222656,True,True,False,True
AmsterTime,118,0.6409995555877686,0.9158806800842285,0.8610013723373413,0.1389986276626587,False,False,False,False
AmsterTime,119,0.45602062344551086,0.9195947051048279,0.9534662961959839,0.04653370380401611,True,True,False,True
AmsterTime,120,0.834224283695221,0.8718809485435486,0.5037721991539001,0.49622780084609985,False,False,False,False
AmsterTime,121,0.5619490146636963,0.857146680355072,0.7518817186355591,0.24811828136444092,False,False,False,True
AmsterTime,122,0.6793661117553711,0.7881383895874023,0.2245493084192276,0.7754507064819336,False,False,True,False
AmsterTime,123,0.6793661117553711,0.7859014272689819,0.21487003564834595,0.785129964351654,False,False,True,True
AmsterTime,124,0.6793661117553711,0.7749307155609131,0.1716761738061905,0.8283238410949707,False,False,True,False
AmsterTime,125,0.8850610256195068,0.89055335521698,0.5496816039085388,0.4503183960914612,False,False,False,False
AmsterTime,126,0.8262603282928467,0.9417194128036499,0.7871000170707703,0.21289998292922974,False,False,False,False
AmsterTime,127,0.569360613822937,0.8636502027511597,0.7701790928840637,0.22982090711593628,False,False,False,True
AmsterTime,128,0.6266369819641113,0.8720654249191284,0.7417384386062622,0.2582615613937378,False,False,False,True
AmsterTime,129,0.8420643210411072,0.9292100667953491,0.7417119741439819,0.25828802585601807,False,False,False,False
AmsterTime,130,0.7342325448989868,0.9363322257995605,0.8393756151199341,0.16062438488006592,False,False,False,False
AmsterTime,131,0.7591457366943359,0.8680148720741272,0.5664923787117004,0.43350762128829956,False,False,False,True
AmsterTime,132,0.7260594367980957,0.9208751916885376,0.8103410601615906,0.18965893983840942,False,False,False,False
AmsterTime,133,0.8421776294708252,0.939526379108429,0.7702226042747498,0.22977739572525024,False,False,False,False
AmsterTime,134,0.48391616344451904,0.886536717414856,0.9028056859970093,0.09719431400299072,True,False,False,True
AmsterTime,135,0.8092774152755737,0.899983286857605,0.6660535335540771,0.33394646644592285,False,False,False,False
AmsterTime,136,0.49507391452789307,0.8668608665466309,0.850994884967804,0.14900511503219604,True,False,False,True
AmsterTime,137,0.6429110765457153,0.8448757529258728,0.5867646932601929,0.41323530673980713,False,False,True,True
AmsterTime,138,0.7400492429733276,0.9237173795700073,0.8067466020584106,0.19325339794158936,False,False,False,False
AmsterTime,139,0.9221951961517334,0.9074721336364746,0.5949872732162476,0.40501272678375244,False,False,False,False
AmsterTime,140,0.9221951961517334,0.9269431829452515,0.6714127659797668,0.32858723402023315,False,False,False,False
AmsterTime,141,0.7932018637657166,0.9396862983703613,0.8057982921600342,0.19420170783996582,False,False,False,True
AmsterTime,142,0.5568565130233765,0.9373658895492554,0.934697151184082,0.06530284881591797,False,True,False,True
AmsterTime,143,0.4579513669013977,0.8730428218841553,0.8923782706260681,0.10762172937393188,True,False,False,True
AmsterTime,144,0.341253399848938,0.9288746118545532,0.9807536005973816,0.019246399402618408,True,True,False,True
AmsterTime,145,0.5141565799713135,0.901587963104248,0.9112710952758789,0.0887289047241211,False,False,False,True
AmsterTime,146,0.8162115216255188,0.892182469367981,0.6248332262039185,0.37516677379608154,False,False,False,False
AmsterTime,147,0.7137186527252197,0.8807269334793091,0.6821585893630981,0.31784141063690186,False,False,False,False
AmsterTime,148,0.4534289836883545,0.8264893889427185,0.745313823223114,0.254686176776886,True,False,True,True
AmsterTime,149,0.7525068521499634,0.9101979732513428,0.7574371695518494,0.24256283044815063,False,False,False,False
AmsterTime,150,0.8015902042388916,0.8811327815055847,0.5868823528289795,0.4131176471710205,False,False,False,True
AmsterTime,151,0.7522532939910889,0.8961604833602905,0.7068945169448853,0.29310548305511475,False,False,False,False
AmsterTime,152,0.6023565530776978,0.9281030297279358,0.9043988585472107,0.0956011414527893,False,False,False,True
AmsterTime,153,0.822935163974762,0.8456265330314636,0.37107256054878235,0.62892746925354,False,False,True,False
AmsterTime,154,0.8923829793930054,0.8902891874313354,0.5415785312652588,0.4584214687347412,False,False,False,False
AmsterTime,155,0.7522532939910889,0.9076036214828491,0.7490483522415161,0.2509516477584839,False,False,False,False
AmsterTime,156,0.8757433891296387,0.8384183049201965,0.2867176830768585,0.7132823467254639,False,False,True,False
AmsterTime,157,0.8067696690559387,0.9002963304519653,0.6698005795478821,0.3301994204521179,False,False,False,True
AmsterTime,158,0.4862298369407654,0.8230289220809937,0.6852461099624634,0.3147538900375366,True,False,True,True
AmsterTime,159,0.3162270188331604,0.9095022678375244,0.9776008725166321,0.02239912748336792,True,True,False,True
AmsterTime,160,0.3945220410823822,0.927045464515686,0.9719561338424683,0.02804386615753174,True,True,False,True
AmsterTime,161,0.3885812759399414,0.8963749408721924,0.9546432495117188,0.04535675048828125,True,True,False,True
AmsterTime,162,0.47795650362968445,0.9527665376663208,0.9667839407920837,0.03321605920791626,True,True,False,True
AmsterTime,163,0.40658479928970337,0.8943484425544739,0.947253942489624,0.05274605751037598,True,True,False,True
AmsterTime,164,0.5766047239303589,0.8323816061019897,0.6086218953132629,0.39137810468673706,False,False,True,True
AmsterTime,165,0.45589137077331543,0.9255079030990601,0.9576066732406616,0.04239332675933838,True,True,False,True
AmsterTime,166,0.31589174270629883,0.9320661425590515,0.9845065474510193,0.015493452548980713,True,True,False,True
AmsterTime,167,0.821921169757843,0.9140990972518921,0.709052324295044,0.29094767570495605,False,False,False,True
AmsterTime,168,0.4097943902015686,0.7607083320617676,0.42856094241142273,0.5714390277862549,True,False,True,True
AmsterTime,169,0.49566102027893066,0.823279857635498,0.6734574437141418,0.32654255628585815,True,False,True,True
AmsterTime,170,0.894064724445343,0.9067615270614624,0.6161301732063293,0.38386982679367065,False,False,False,False
AmsterTime,171,0.769660234451294,0.8331283330917358,0.357906311750412,0.6420936584472656,False,False,True,False
AmsterTime,172,0.769660234451294,0.8948293924331665,0.6838825941085815,0.31611740589141846,False,False,False,False
AmsterTime,173,0.885719895362854,0.8802404999732971,0.49686288833618164,0.5031371116638184,False,False,False,True
AmsterTime,174,0.769660234451294,0.8592643737792969,0.5059446692466736,0.4940553307533264,False,False,False,False
AmsterTime,175,0.7114884853363037,0.902719259262085,0.7699300646781921,0.23006993532180786,False,False,False,True
AmsterTime,176,0.7293563485145569,0.9438452124595642,0.8564704656600952,0.14352953433990479,False,False,False,False
AmsterTime,177,0.3743767738342285,0.8814457654953003,0.9449818134307861,0.05501818656921387,True,True,False,True
AmsterTime,178,0.7109047174453735,0.8657554388046265,0.6125006079673767,0.3874993920326233,False,False,False,True
AmsterTime,179,0.6150305271148682,0.8623074293136597,0.7126718163490295,0.28732818365097046,False,False,False,True
AmsterTime,180,0.84346604347229,0.9017372727394104,0.6406828761100769,0.3593171238899231,False,False,False,False
AmsterTime,181,0.7000094056129456,0.9092165231704712,0.7999130487442017,0.20008695125579834,False,False,False,True
AmsterTime,182,0.6511658430099487,0.9120974540710449,0.8456751704216003,0.15432482957839966,False,False,False,False
AmsterTime,183,0.848277747631073,0.9221601486206055,0.7143662571907043,0.28563374280929565,False,False,False,False
AmsterTime,184,0.8396168947219849,0.8880583047866821,0.5815925002098083,0.41840749979019165,False,False,False,False
AmsterTime,185,0.5408087372779846,0.9499220848083496,0.9496103525161743,0.050389647483825684,False,True,False,True
AmsterTime,186,0.4464149475097656,0.8552862405776978,0.8578658103942871,0.1421341896057129,True,False,False,True
AmsterTime,187,0.5993809103965759,0.9430772066116333,0.9232848286628723,0.07671517133712769,False,True,False,True
AmsterTime,188,0.47414469718933105,0.923515796661377,0.9510705471038818,0.048929452896118164,True,True,False,True
AmsterTime,189,0.8737825155258179,0.9370864033699036,0.740371823310852,0.25962817668914795,False,False,False,False
AmsterTime,190,0.28327587246894836,0.7382290363311768,0.4967367649078369,0.5032632350921631,True,False,True,True
AmsterTime,191,0.8684501051902771,0.8096681833267212,0.17059031128883362,0.8294097185134888,False,False,True,False
AmsterTime,192,0.5723214149475098,0.8993227481842041,0.8729613423347473,0.12703865766525269,False,False,False,True
AmsterTime,193,0.3019571304321289,0.9322654008865356,0.9859262704849243,0.014073729515075684,True,True,False,True
AmsterTime,194,0.8378608226776123,0.8612644076347351,0.44201895594596863,0.557981014251709,False,False,False,False
AmsterTime,195,0.6335960626602173,0.9373235702514648,0.9008371829986572,0.09916281700134277,False,False,False,False
AmsterTime,196,0.7118896245956421,0.862369179725647,0.5933436155319214,0.4066563844680786,False,False,False,True
AmsterTime,197,0.4775415062904358,0.9182707071304321,0.9457622766494751,0.0542377233505249,True,True,False,True
AmsterTime,198,0.4241521954536438,0.8112672567367554,0.7094250321388245,0.29057496786117554,True,False,True,True
AmsterTime,199,0.6698368787765503,0.9393950700759888,0.8843926787376404,0.11560732126235962,False,False,False,True
AmsterTime,200,0.510009765625,0.8343477845191956,0.7109277844429016,0.2890722155570984,True,False,True,True
AmsterTime,201,0.4719467759132385,0.8963494300842285,0.9240881204605103,0.07591187953948975,True,True,False,True
AmsterTime,202,0.6760392189025879,0.8537302017211914,0.5920065641403198,0.4079934358596802,False,False,False,False
AmsterTime,203,0.4574878513813019,0.871070384979248,0.888534426689148,0.11146557331085205,True,False,False,True
AmsterTime,204,0.7915560007095337,0.9354908466339111,0.7971776127815247,0.20282238721847534,False,False,False,False
AmsterTime,205,0.8181824684143066,0.827134370803833,0.27944785356521606,0.7205521464347839,False,False,True,False
AmsterTime,206,0.7532004117965698,0.9238975644111633,0.7970146536827087,0.20298534631729126,False,False,False,False
AmsterTime,207,0.8587340116500854,0.8729276657104492,0.48440811038017273,0.5155918598175049,False,False,False,False
AmsterTime,208,0.9528654217720032,0.9239484667778015,0.6370463967323303,0.3629536032676697,False,False,False,False
AmsterTime,209,0.6637412309646606,0.9292924404144287,0.8717051148414612,0.12829488515853882,False,False,False,True
AmsterTime,210,0.7607181668281555,0.9133075475692749,0.7602117657661438,0.2397882342338562,False,False,False,False
AmsterTime,211,0.5639287233352661,0.9397602081298828,0.9341928958892822,0.06580710411071777,False,True,False,True
AmsterTime,212,0.48408401012420654,0.8745170831680298,0.8784850239753723,0.12151497602462769,True,False,False,True
AmsterTime,213,0.9150598645210266,0.9439516067504883,0.7297936081886292,0.27020639181137085,False,False,False,False
AmsterTime,214,0.6837043762207031,0.9517388343811035,0.8938382863998413,0.10616171360015869,False,False,False,True
AmsterTime,215,0.8535754084587097,0.8968321084976196,0.6093334555625916,0.39066654443740845,False,False,False,False
AmsterTime,216,0.9220635294914246,0.9223767518997192,0.6550832390785217,0.34491676092147827,False,False,False,False
AmsterTime,217,0.6574435234069824,0.9376496076583862,0.8886847496032715,0.11131525039672852,False,False,False,True
AmsterTime,218,0.875575065612793,0.820209264755249,0.20593614876270294,0.7940638661384583,False,False,True,True
AmsterTime,219,0.8768984079360962,0.9332432746887207,0.7267992496490479,0.27320075035095215,False,False,False,False
AmsterTime,220,0.749066948890686,0.902145266532898,0.7328342795372009,0.2671657204627991,False,False,False,False
AmsterTime,221,0.7091614007949829,0.9211568832397461,0.8239243626594543,0.17607563734054565,False,False,False,False
AmsterTime,222,0.39628782868385315,0.857007622718811,0.8972374796867371,0.10276252031326294,True,False,False,True
AmsterTime,223,0.809802770614624,0.8990288376808167,0.6615176796913147,0.3384823203086853,False,False,False,False
AmsterTime,224,0.669417142868042,0.9322401285171509,0.8733076453208923,0.12669235467910767,False,False,False,False
AmsterTime,225,0.7716145515441895,0.9071042537689209,0.7295601963996887,0.2704398036003113,False,False,False,True
AmsterTime,226,0.8763828277587891,0.9028803110122681,0.615105926990509,0.38489407300949097,False,False,False,False
AmsterTime,227,0.8373997211456299,0.9535128474235535,0.8055731654167175,0.19442683458328247,False,False,False,False
AmsterTime,228,0.8109028339385986,0.9276745319366455,0.761852502822876,0.23814749717712402,False,False,False,False
AmsterTime,229,0.7869599461555481,0.8767591118812561,0.5806522369384766,0.41934776306152344,False,False,False,True
AmsterTime,230,0.720457136631012,0.8663783669471741,0.6041083335876465,0.3958916664123535,False,False,False,False
AmsterTime,231,0.720457136631012,0.8895580172538757,0.7127649188041687,0.2872350811958313,False,False,False,False
AmsterTime,232,0.9121013879776001,0.9424797296524048,0.7277798652648926,0.2722201347351074,False,False,False,False
AmsterTime,233,0.3957979679107666,0.920634388923645,0.9687251448631287,0.03127485513687134,True,True,False,True
AmsterTime,234,0.4732111394405365,0.9252836108207703,0.9526536464691162,0.04734635353088379,True,True,False,True
AmsterTime,235,0.8450209498405457,0.9063403606414795,0.6585100293159485,0.3414899706840515,False,False,False,False
AmsterTime,236,0.8400105834007263,0.9304818511009216,0.7470818758010864,0.2529181241989136,False,False,False,False
AmsterTime,237,0.6431536674499512,0.9330142736434937,0.8897310495376587,0.11026895046234131,False,False,False,True
AmsterTime,238,0.912013053894043,0.9111648797988892,0.6192721724510193,0.3807278275489807,False,False,False,False
AmsterTime,239,0.8875415325164795,0.9067797660827637,0.6219508051872253,0.37804919481277466,False,False,False,False
AmsterTime,240,0.614997386932373,0.9046549797058105,0.8549173474311829,0.14508265256881714,False,False,False,True
AmsterTime,241,0.7635776996612549,0.9292436838150024,0.8026698231697083,0.19733017683029175,False,False,False,True
AmsterTime,242,0.4353773295879364,0.9186928868293762,0.9584950804710388,0.04150491952896118,True,True,False,True
AmsterTime,243,0.45786529779434204,0.8712558746337891,0.8886880874633789,0.1113119125366211,True,False,False,True
AmsterTime,244,0.516902506351471,0.9014486074447632,0.909649670124054,0.09035032987594604,False,False,False,True
AmsterTime,245,0.4872506856918335,0.9440518617630005,0.9605814814567566,0.03941851854324341,True,True,False,True
AmsterTime,246,0.8723033666610718,0.9247068166732788,0.7032269239425659,0.2967730760574341,False,False,False,False
AmsterTime,247,0.8109175562858582,0.8889988660812378,0.6153960824012756,0.38460391759872437,False,False,False,False
AmsterTime,248,0.7291027307510376,0.8953342437744141,0.7268093228340149,0.2731906771659851,False,False,False,False
AmsterTime,249,0.6592584252357483,0.9247524738311768,0.8663274645805359,0.1336725354194641,False,False,False,False
AmsterTime,250,0.7435460686683655,0.9039021730422974,0.7443178296089172,0.25568217039108276,False,False,False,False
AmsterTime,251,0.6836069822311401,0.8957825899124146,0.772639811038971,0.22736018896102905,False,False,False,True
AmsterTime,252,0.7756253480911255,0.9278584718704224,0.7899706363677979,0.21002936363220215,False,False,False,False
AmsterTime,253,0.8399525880813599,0.933955192565918,0.7570182681083679,0.24298173189163208,False,False,False,False
AmsterTime,254,0.9023507237434387,0.9134158492088318,0.6366205811500549,0.36337941884994507,False,False,False,False
AmsterTime,255,0.863118052482605,0.903085470199585,0.6281505227088928,0.3718494772911072,False,False,False,True
AmsterTime,256,0.7710639834403992,0.9349855184555054,0.8108478784561157,0.18915212154388428,False,False,False,False
AmsterTime,257,0.5705931186676025,0.9092654585838318,0.8928812742233276,0.10711872577667236,False,False,False,True
AmsterTime,258,0.897968053817749,0.9321515560150146,0.7073665857315063,0.29263341426849365,False,False,False,True
AmsterTime,259,0.7055689096450806,0.8901740312576294,0.7305936217308044,0.26940637826919556,False,False,False,True
AmsterTime,260,0.7458785772323608,0.9171837568283081,0.7844902276992798,0.21550977230072021,False,False,False,False
AmsterTime,261,0.7280716896057129,0.9038764834403992,0.7585784196853638,0.24142158031463623,False,False,False,False
AmsterTime,262,0.6931591033935547,0.8732938170433044,0.6713254451751709,0.3286745548248291,False,False,False,True
AmsterTime,263,0.8120821714401245,0.903753936290741,0.6788320541381836,0.3211679458618164,False,False,False,False
AmsterTime,264,0.4881340265274048,0.8747216463088989,0.8761627078056335,0.12383729219436646,True,False,False,True
AmsterTime,265,0.6199835538864136,0.8868514895439148,0.8024569749832153,0.19754302501678467,False,False,False,False
AmsterTime,266,0.5362880229949951,0.8818116188049316,0.8583375811576843,0.14166241884231567,False,False,False,True
AmsterTime,267,0.7045744061470032,0.8946929574012756,0.7486578226089478,0.25134217739105225,False,False,False,False
AmsterTime,268,0.773369550704956,0.9006378650665283,0.7037222385406494,0.2962777614593506,False,False,False,False
AmsterTime,269,0.7227098345756531,0.8561403751373291,0.5455002784729004,0.4544997215270996,False,False,False,False
AmsterTime,270,0.7088444232940674,0.812369704246521,0.3122452199459076,0.68775475025177,False,False,True,True
AmsterTime,271,0.7088444232940674,0.8225187659263611,0.36804771423339844,0.6319522857666016,False,False,True,False
AmsterTime,272,0.7958383560180664,0.9030405282974243,0.6914767622947693,0.3085232377052307,False,False,False,True
AmsterTime,273,0.6985757946968079,0.9244171380996704,0.8390979766845703,0.1609020233154297,False,False,False,True
AmsterTime,274,0.8165946006774902,0.8602539300918579,0.4586997926235199,0.5413001775741577,False,False,False,False
AmsterTime,275,0.4115442633628845,0.8353179693222046,0.8264678716659546,0.1735321283340454,True,False,True,True
AmsterTime,276,0.8185409903526306,0.9307984113693237,0.7646799683570862,0.23532003164291382,False,False,False,True
AmsterTime,277,0.7436902523040771,0.8500701189041138,0.48474597930908203,0.515254020690918,False,False,False,True
AmsterTime,278,0.7923696041107178,0.9080390930175781,0.7137783169746399,0.2862216830253601,False,False,False,False
AmsterTime,279,0.6931591033935547,0.9239963293075562,0.8420113921165466,0.15798860788345337,False,False,False,False
AmsterTime,280,0.48721301555633545,0.9117136001586914,0.9360650181770325,0.06393498182296753,True,True,False,True
AmsterTime,281,0.8446716070175171,0.9127487540245056,0.6839866042137146,0.3160133957862854,False,False,False,False
AmsterTime,282,0.8876041769981384,0.869696855545044,0.4393610954284668,0.5606389045715332,False,False,False,False
AmsterTime,283,0.8362668752670288,0.8396627902984619,0.32653799653053284,0.6734620332717896,False,False,True,False
AmsterTime,284,0.5898464918136597,0.9262641072273254,0.9082109332084656,0.09178906679153442,False,False,False,True
AmsterTime,285,0.5912071466445923,0.9287371039390564,0.9107606410980225,0.08923935890197754,False,False,False,True
AmsterTime,286,0.7603998184204102,0.8538814187049866,0.48641055822372437,0.5135894417762756,False,False,False,True
AmsterTime,287,0.6464498043060303,0.9107327461242676,0.8459863662719727,0.15401363372802734,False,False,False,True
AmsterTime,288,0.6339157819747925,0.8991798162460327,0.8267694711685181,0.17323052883148193,False,False,False,True
AmsterTime,289,0.6667383909225464,0.8992702960968018,0.7991933822631836,0.2008066177368164,False,False,False,True
AmsterTime,290,0.9009221792221069,0.9018261432647705,0.5883679986000061,0.4116320013999939,False,False,False,True
AmsterTime,291,0.7550062537193298,0.9444282054901123,0.8413551449775696,0.15864485502243042,False,False,False,False
AmsterTime,292,0.7323765754699707,0.8162963390350342,0.30735355615615845,0.6926464438438416,False,False,True,False
AmsterTime,293,0.8480385541915894,0.8563229441642761,0.4046783447265625,0.5953216552734375,False,False,False,False
AmsterTime,294,0.48060542345046997,0.9461910128593445,0.9632295370101929,0.03677046298980713,True,True,False,True
AmsterTime,295,0.48060542345046997,0.8937809467315674,0.9163540601730347,0.08364593982696533,True,True,False,False
AmsterTime,296,0.9160301685333252,0.8935710787773132,0.5362747311592102,0.4637252688407898,False,False,False,False
AmsterTime,297,0.3831598460674286,0.9181491136550903,0.9699908494949341,0.030009150505065918,True,True,False,True
AmsterTime,298,0.7830905914306641,0.9279581308364868,0.7844576239585876,0.21554237604141235,False,False,False,False
AmsterTime,299,0.691114068031311,0.9652546644210815,0.9055544137954712,0.09444558620452881,False,False,False,True
AmsterTime,300,0.7748839855194092,0.9211572408676147,0.7720810770988464,0.22791892290115356,False,False,False,True
AmsterTime,301,0.44100356101989746,0.913609504699707,0.9532905220985413,0.04670947790145874,True,True,False,True
AmsterTime,302,0.7940987348556519,0.9262745380401611,0.7712071537971497,0.22879284620285034,False,False,False,False
AmsterTime,303,0.5089340209960938,0.9651947021484375,0.9653979539871216,0.03460204601287842,True,True,False,True
AmsterTime,304,0.7285528182983398,0.901364803314209,0.7494878172874451,0.25051218271255493,False,False,False,True
AmsterTime,305,0.9267337322235107,0.8759037852287292,0.4373403787612915,0.5626596212387085,False,False,False,True
AmsterTime,306,0.5262752175331116,0.9101487994194031,0.9175112247467041,0.0824887752532959,False,True,False,True
AmsterTime,307,0.8979151248931885,0.9038422107696533,0.600035548210144,0.39996445178985596,False,False,False,False
AmsterTime,308,0.5704418420791626,0.9043776988983154,0.8842156529426575,0.11578434705734253,False,False,False,False
AmsterTime,309,0.5645010471343994,0.9052376747131348,0.8894132971763611,0.11058670282363892,False,False,False,True
AmsterTime,310,0.7304263114929199,0.9336501359939575,0.8365042209625244,0.16349577903747559,False,False,False,True
AmsterTime,311,0.4835430383682251,0.9407943487167358,0.9597243070602417,0.0402756929397583,True,True,False,True
AmsterTime,312,0.2256368100643158,0.878959059715271,0.9781415462493896,0.02185845375061035,True,True,False,True
AmsterTime,313,0.634795069694519,0.8453282117843628,0.6003982424736023,0.3996017575263977,False,False,True,False
AmsterTime,314,0.848974347114563,0.8725374937057495,0.49211904406547546,0.5078809261322021,False,False,False,True
AmsterTime,315,0.8533512353897095,0.9469475746154785,0.7805070877075195,0.21949291229248047,False,False,False,False
AmsterTime,316,0.3979502320289612,0.9175142049789429,0.9666456580162048,0.033354341983795166,True,True,False,True
AmsterTime,317,0.727981686592102,0.831868052482605,0.39843276143074036,0.601567268371582,False,False,True,True
AmsterTime,318,0.9229863882064819,0.9399222135543823,0.7126625776290894,0.28733742237091064,False,False,False,False
AmsterTime,319,0.4426310658454895,0.8408031463623047,0.8155635595321655,0.18443644046783447,True,False,True,True
AmsterTime,320,0.4991292655467987,0.9013789892196655,0.9183751940727234,0.08162480592727661,True,True,False,True
AmsterTime,321,0.6097831130027771,0.9016228914260864,0.851697564125061,0.14830243587493896,False,False,False,False
AmsterTime,322,0.5782558917999268,0.8391159772872925,0.6438426375389099,0.3561573624610901,False,False,True,True
AmsterTime,323,0.6403689384460449,0.9221236705780029,0.873442530632019,0.12655746936798096,False,False,False,True
AmsterTime,324,0.7311154007911682,0.9374825358390808,0.8437137603759766,0.15628623962402344,False,False,False,True
AmsterTime,325,0.7349976301193237,0.9028695821762085,0.7486975193023682,0.25130248069763184,False,False,False,True
AmsterTime,326,0.8592606782913208,0.8931080102920532,0.586538553237915,0.41346144676208496,False,False,False,True
AmsterTime,327,0.691948413848877,0.8522452116012573,0.5629326105117798,0.4370673894882202,False,False,False,True
AmsterTime,328,0.5716584920883179,0.9099005460739136,0.8933449983596802,0.10665500164031982,False,False,False,True
AmsterTime,329,0.9190268516540527,0.9036061763763428,0.5806007981300354,0.4193992018699646,False,False,False,False
AmsterTime,330,0.45147109031677246,0.8819891214370728,0.912582516670227,0.08741748332977295,True,False,False,True
AmsterTime,331,0.4017615020275116,0.9428102970123291,0.9766523241996765,0.023347675800323486,True,True,False,True
AmsterTime,332,0.5342041254043579,0.9214115738868713,0.9277226328849792,0.07227736711502075,False,True,False,True
AmsterTime,333,0.7984609007835388,0.941414475440979,0.8059919476509094,0.19400805234909058,False,False,False,False
AmsterTime,334,0.9277626276016235,0.9325783252716064,0.6862853765487671,0.3137146234512329,False,False,False,False
AmsterTime,335,0.7232893109321594,0.9061311483383179,0.770348310470581,0.22965168952941895,False,False,False,False
AmsterTime,336,0.7395944595336914,0.9180504083633423,0.7920851707458496,0.2079148292541504,False,False,False,True
AmsterTime,337,0.8005529642105103,0.9201765060424805,0.7478207945823669,0.25217920541763306,False,False,False,False
AmsterTime,338,0.661933422088623,0.8801608085632324,0.7364794611930847,0.2635205388069153,False,False,False,True
AmsterTime,339,0.6694988012313843,0.9090930223464966,0.8244439363479614,0.17555606365203857,False,False,False,True
AmsterTime,340,0.8282246589660645,0.8852652311325073,0.5794512033462524,0.42054879665374756,False,False,False,True
AmsterTime,341,0.8396075963973999,0.8929297924041748,0.6048885583877563,0.39511144161224365,False,False,False,False
AmsterTime,342,0.7193495035171509,0.9195190668106079,0.8120978474617004,0.18790215253829956,False,False,False,False
AmsterTime,343,0.5984225273132324,0.9597246646881104,0.9378443956375122,0.06215560436248779,False,True,False,True
AmsterTime,344,0.8875570893287659,0.8492028117179871,0.3310004770755768,0.6689995527267456,False,False,False,False
AmsterTime,345,0.616186261177063,0.8998740911483765,0.842628002166748,0.15737199783325195,False,False,False,False
AmsterTime,346,0.616186261177063,0.9254586696624756,0.8932439088821411,0.10675609111785889,False,False,False,True
AmsterTime,347,0.8331483602523804,0.9193449020385742,0.7175794243812561,0.2824205756187439,False,False,False,True
AmsterTime,348,0.5793713331222534,0.9417437314987183,0.9300889372825623,0.06991106271743774,False,True,False,True
AmsterTime,349,0.6300100088119507,0.8853958249092102,0.7882856130599976,0.21171438694000244,False,False,False,True
AmsterTime,350,0.7552201747894287,0.9102791547775269,0.7552905082702637,0.24470949172973633,False,False,False,False
AmsterTime,351,0.7231147289276123,0.9468890428543091,0.8652872443199158,0.13471275568008423,False,False,False,True
AmsterTime,352,0.8401494026184082,0.8629159927368164,0.4487694203853607,0.5512305498123169,False,False,False,True
AmsterTime,353,0.5149592757225037,0.9451223611831665,0.9540111422538757,0.04598885774612427,False,True,False,True
AmsterTime,354,0.7645506858825684,0.9156231880187988,0.7641514539718628,0.2358485460281372,False,False,False,True
AmsterTime,355,0.8052672147750854,0.9514126777648926,0.822218120098114,0.177781879901886,False,False,False,False
AmsterTime,356,0.3999870717525482,0.8901676535606384,0.9453037977218628,0.05469620227813721,True,True,False,True
AmsterTime,357,0.8434878587722778,0.8980827331542969,0.6246599555015564,0.3753400444984436,False,False,False,True
AmsterTime,358,0.5871165990829468,0.8561545610427856,0.7179719805717468,0.2820280194282532,False,False,False,True
AmsterTime,359,0.4612816870212555,0.8076568841934204,0.6365857720375061,0.3634142279624939,True,False,True,True
AmsterTime,360,0.42301854491233826,0.8031564950942993,0.6678895950317383,0.3321104049682617,True,False,True,False
AmsterTime,361,0.9175689816474915,0.9255867600440979,0.670232892036438,0.329767107963562,False,False,False,False
AmsterTime,362,0.6970808506011963,0.9020251631736755,0.7807486057281494,0.21925139427185059,False,False,False,False
AmsterTime,363,0.7976104021072388,0.9543817043304443,0.8326181769371033,0.16738182306289673,False,False,False,True
AmsterTime,364,0.7946902513504028,0.9260507822036743,0.770106315612793,0.22989368438720703,False,False,False,False
AmsterTime,365,0.735713541507721,0.8442330360412598,0.46074366569519043,0.5392563343048096,False,False,True,True
AmsterTime,366,0.6987147331237793,0.9501032829284668,0.8838326930999756,0.11616730690002441,False,False,False,False
AmsterTime,367,0.6987147331237793,0.9524011611938477,0.8869224786758423,0.11307752132415771,False,False,False,False
AmsterTime,368,0.8637133240699768,0.8778278231620789,0.5054717659950256,0.49452823400497437,False,False,False,False
AmsterTime,369,0.8586506843566895,0.8705893158912659,0.47192898392677307,0.5280710458755493,False,False,False,False
AmsterTime,370,0.8711441159248352,0.8746629953384399,0.48147761821746826,0.5185223817825317,False,False,False,False
AmsterTime,371,0.8794970512390137,0.8771457076072693,0.486574649810791,0.513425350189209,False,False,False,False
AmsterTime,372,0.9480283260345459,0.9526823163032532,0.730799674987793,0.26920032501220703,False,False,False,False
AmsterTime,373,0.7488645315170288,0.8810648918151855,0.6445046067237854,0.3554953932762146,False,False,False,True
AmsterTime,374,0.8166416883468628,0.9172266721725464,0.724523663520813,0.275476336479187,False,False,False,True
AmsterTime,375,0.6189025044441223,0.9362726211547852,0.9068173766136169,0.09318262338638306,False,False,False,True
AmsterTime,376,0.7932024002075195,0.8731160163879395,0.5547041893005371,0.4452958106994629,False,False,False,False
AmsterTime,377,0.7948989272117615,0.9397963285446167,0.8048502206802368,0.19514977931976318,False,False,False,False
AmsterTime,378,0.7246679067611694,0.8697706460952759,0.6166411638259888,0.38335883617401123,False,False,False,False
AmsterTime,379,0.945288360118866,0.895211935043335,0.5191326141357422,0.4808673858642578,False,False,False,False
AmsterTime,380,0.5935359597206116,0.9216694831848145,0.8998602628707886,0.10013973712921143,False,False,False,True
AmsterTime,381,0.7495272159576416,0.883334755897522,0.6544232964515686,0.3455767035484314,False,False,False,True
AmsterTime,382,0.8242090344429016,0.8836643695831299,0.5756370425224304,0.4243629574775696,False,False,False,True
AmsterTime,383,0.7797529101371765,0.91542649269104,0.7504664659500122,0.2495335340499878,False,False,False,False
AmsterTime,384,0.8037315607070923,0.9312447309494019,0.7772976756095886,0.22270232439041138,False,False,False,False
AmsterTime,385,0.5180492401123047,0.9198117256164551,0.9325625896453857,0.06743741035461426,False,True,False,True
AmsterTime,386,0.8037315607070923,0.9337958097457886,0.783955454826355,0.21604454517364502,False,False,False,False
AmsterTime,387,0.7046329975128174,0.9367390871047974,0.8594018816947937,0.1405981183052063,False,False,False,False
AmsterTime,388,0.7046329975128174,0.9493874907493591,0.8796068429946899,0.12039315700531006,False,False,False,True
AmsterTime,389,0.5859858989715576,0.901146411895752,0.8675674200057983,0.13243257999420166,False,False,False,True
AmsterTime,390,0.8106235265731812,0.8486243486404419,0.4001634418964386,0.5998365879058838,False,False,True,True
AmsterTime,391,0.7594389915466309,0.8639928102493286,0.5443122386932373,0.4556877613067627,False,False,False,False
AmsterTime,392,0.704900860786438,0.9515089988708496,0.8824256062507629,0.11757439374923706,False,False,False,False
AmsterTime,393,0.886712372303009,0.8643581867218018,0.4115977883338928,0.5884022116661072,False,False,False,False
AmsterTime,394,0.8863608837127686,0.8710835576057434,0.4479230046272278,0.5520769953727722,False,False,False,True
AmsterTime,395,0.9229863882064819,0.9353433847427368,0.6987016797065735,0.3012983202934265,False,False,False,False
AmsterTime,396,0.7957834601402283,0.9007854461669922,0.6824960708618164,0.3175039291381836,False,False,False,False
AmsterTime,397,0.7892212867736816,0.9063795804977417,0.7105574011802673,0.28944259881973267,False,False,False,True
AmsterTime,398,0.7223526239395142,0.9083073139190674,0.7780458927154541,0.2219541072845459,False,False,False,False
AmsterTime,399,0.7622799277305603,0.893517017364502,0.6859047412872314,0.31409525871276855,False,False,False,False
AmsterTime,400,0.7352294921875,0.8667826652526855,0.5883660912513733,0.4116339087486267,False,False,False,False
AmsterTime,401,0.7513399124145508,0.8295639753341675,0.3583095669746399,0.6416904330253601,False,False,True,True
AmsterTime,402,0.7129122018814087,0.9206101894378662,0.8197693228721619,0.18023067712783813,False,False,False,False
AmsterTime,403,0.7371602058410645,0.9269531965255737,0.8168556690216064,0.18314433097839355,False,False,False,False
AmsterTime,404,0.8725252747535706,0.946138858795166,0.7652736902236938,0.23472630977630615,False,False,False,False
AmsterTime,405,0.9061962962150574,0.8458962440490723,0.29960471391677856,0.7003952860832214,False,False,True,False
AmsterTime,406,0.8406212329864502,0.896259069442749,0.6192287802696228,0.3807712197303772,False,False,False,False
AmsterTime,407,0.8647245168685913,0.9523576498031616,0.7851512432098389,0.21484875679016113,False,False,False,False
AmsterTime,408,0.4493776559829712,0.8448067903518677,0.8229660391807556,0.17703396081924438,True,False,True,True
AmsterTime,409,0.5647273659706116,0.8884413242340088,0.8534071445465088,0.1465928554534912,False,False,False,True
AmsterTime,410,0.6674007177352905,0.8875353932380676,0.7592554688453674,0.24074453115463257,False,False,False,True
AmsterTime,411,0.6590477228164673,0.8730225563049316,0.7094951272010803,0.2905048727989197,False,False,False,True
AmsterTime,412,0.7652876973152161,0.9001895189285278,0.7098479866981506,0.29015201330184937,False,False,False,True
AmsterTime,413,0.8349305987358093,0.8748408555984497,0.5188595056533813,0.48114049434661865,False,False,False,False
AmsterTime,414,0.8206683397293091,0.921129584312439,0.7339931726455688,0.26600682735443115,False,False,False,True
AmsterTime,415,0.676134467124939,0.8932471871376038,0.7710602879524231,0.2289397120475769,False,False,False,False
AmsterTime,416,0.8728328347206116,0.9405966401100159,0.7507569789886475,0.24924302101135254,False,False,False,False
AmsterTime,417,0.8712127208709717,0.9486496448516846,0.7722686529159546,0.2277313470840454,False,False,False,False
AmsterTime,418,0.6165374517440796,0.91557776927948,0.8763681650161743,0.12363183498382568,False,False,False,True
AmsterTime,419,0.588089108467102,0.9113035202026367,0.8861037492752075,0.11389625072479248,False,False,False,True
AmsterTime,420,0.8597126007080078,0.9110820293426514,0.6642441153526306,0.3357558846473694,False,False,False,False
AmsterTime,421,0.551369309425354,0.9447332620620728,0.9426915645599365,0.05730843544006348,False,True,False,True
AmsterTime,422,0.5575482845306396,0.8920714259147644,0.8673080801963806,0.13269191980361938,False,False,False,True
AmsterTime,423,0.7918239831924438,0.8812403678894043,0.5979814529418945,0.40201854705810547,False,False,False,False
AmsterTime,424,0.598875105381012,0.8430289030075073,0.6367983818054199,0.3632016181945801,False,False,True,True
AmsterTime,425,0.7584588527679443,0.9137049317359924,0.7634223103523254,0.23657768964767456,False,False,False,False
AmsterTime,426,0.8294878005981445,0.8309267163276672,0.288255512714386,0.711744487285614,False,False,True,True
AmsterTime,427,0.6998024582862854,0.8993459939956665,0.7694984674453735,0.23050153255462646,False,False,False,True
AmsterTime,428,0.853304386138916,0.8666542768478394,0.45593398809432983,0.5440660119056702,False,False,False,False
AmsterTime,429,0.6712847948074341,0.8996177911758423,0.7962467074394226,0.2037532925605774,False,False,False,False
AmsterTime,430,0.871220588684082,0.9116130471229553,0.6561996340751648,0.3438003659248352,False,False,False,False
AmsterTime,431,0.7363167405128479,0.9329631328582764,0.8309915065765381,0.16900849342346191,False,False,False,True
AmsterTime,432,0.7051740288734436,0.862787127494812,0.6039270162582397,0.39607298374176025,False,False,False,False
AmsterTime,433,0.6204978823661804,0.8643122911453247,0.7152907252311707,0.28470927476882935,False,False,False,True
AmsterTime,434,0.6499192714691162,0.8823235630989075,0.7575327157974243,0.24246728420257568,False,False,False,False
AmsterTime,435,0.6993783712387085,0.9525039196014404,0.8867084383964539,0.11329156160354614,False,False,False,True
AmsterTime,436,0.7285763621330261,0.9160701036453247,0.7955659031867981,0.2044340968132019,False,False,False,True
AmsterTime,437,0.5561506748199463,0.9222559332847595,0.9191356897354126,0.0808643102645874,False,True,False,True
AmsterTime,438,0.7409440279006958,0.8846668004989624,0.6699064373970032,0.3300935626029968,False,False,False,True
AmsterTime,439,0.6901276111602783,0.8614123463630676,0.6154561042785645,0.38454389572143555,False,False,False,False
AmsterTime,440,0.8470402359962463,0.953043520450592,0.7983047962188721,0.20169520378112793,False,False,False,False
AmsterTime,441,0.7501938343048096,0.9060765504837036,0.7457146644592285,0.2542853355407715,False,False,False,False
AmsterTime,442,0.7038710713386536,0.8601689338684082,0.5915043354034424,0.4084956645965576,False,False,False,False
AmsterTime,443,0.8305799961090088,0.9535230398178101,0.8100173473358154,0.18998265266418457,False,False,False,False
AmsterTime,444,0.862815260887146,0.9507778286933899,0.7828895449638367,0.21711045503616333,False,False,False,False
AmsterTime,445,0.8617746829986572,0.939306914806366,0.7553443908691406,0.24465560913085938,False,False,False,False
AmsterTime,446,0.8515901565551758,0.9027841091156006,0.6375461220741272,0.3624538779258728,False,False,False,True
AmsterTime,447,0.910351574420929,0.8628146052360535,0.3826157748699188,0.6173841953277588,False,False,False,False
AmsterTime,448,0.8913940191268921,0.9235597848892212,0.6838642358779907,0.3161357641220093,False,False,False,False
AmsterTime,449,0.8922826051712036,0.7890501022338867,0.10084138810634613,0.8991585969924927,False,False,True,False
AmsterTime,450,0.8403490781784058,0.8729578852653503,0.5031974911689758,0.49680250883102417,False,False,False,True
AmsterTime,451,0.6457016468048096,0.9267194867134094,0.8782409429550171,0.12175905704498291,False,False,False,False
AmsterTime,452,0.4963719844818115,0.9417566061019897,0.9570028781890869,0.042997121810913086,True,True,False,True
AmsterTime,453,0.41068515181541443,0.8723495006561279,0.9176024198532104,0.08239758014678955,True,True,False,True
AmsterTime,454,0.763918936252594,0.9412984251976013,0.8294248580932617,0.17057514190673828,False,False,False,False
AmsterTime,455,0.7245273590087891,0.92087721824646,0.8115317821502686,0.18846821784973145,False,False,False,False
AmsterTime,456,0.8099210262298584,0.9067714214324951,0.6927406787872314,0.30725932121276855,False,False,False,False
AmsterTime,457,0.4536498785018921,0.9190175533294678,0.9537214636802673,0.046278536319732666,True,True,False,True
AmsterTime,458,0.6078294515609741,0.8244287967681885,0.5160213708877563,0.48397862911224365,False,False,True,True
AmsterTime,459,0.8310329914093018,0.8955055475234985,0.6251993179321289,0.3748006820678711,False,False,False,False
AmsterTime,460,0.4615629017353058,0.7758816480636597,0.4402264952659607,0.5597735047340393,True,False,True,True
AmsterTime,461,0.6399828791618347,0.9283657073974609,0.8843315839767456,0.1156684160232544,False,False,False,True
AmsterTime,462,0.7714290618896484,0.8448728322982788,0.4219606816768646,0.578039288520813,False,False,True,False
AmsterTime,463,0.4060855507850647,0.9397993087768555,0.9749608635902405,0.02503913640975952,True,True,False,True
AmsterTime,464,0.6310310959815979,0.9144248962402344,0.864741325378418,0.13525867462158203,False,False,False,True
AmsterTime,465,0.6025963425636292,0.8564677238464355,0.7005337476730347,0.29946625232696533,False,False,False,True
AmsterTime,466,0.4800201952457428,0.8679404258728027,0.8655720353126526,0.1344279646873474,True,False,False,True
AmsterTime,467,0.833625078201294,0.8289773464202881,0.2752411663532257,0.7247588634490967,False,False,True,True
AmsterTime,468,0.7931680679321289,0.9086776971817017,0.715378999710083,0.284621000289917,False,False,False,False
AmsterTime,469,0.6047124266624451,0.8457183241844177,0.643383264541626,0.356616735458374,False,False,True,False
AmsterTime,470,0.7643859386444092,0.899165153503418,0.7067369222640991,0.2932630777359009,False,False,False,False
AmsterTime,471,0.8117531538009644,0.8270460367202759,0.28465360403060913,0.7153463959693909,False,False,True,False
AmsterTime,472,0.7897961139678955,0.9278665781021118,0.7789921164512634,0.22100788354873657,False,False,False,False
AmsterTime,473,0.8141584992408752,0.9370850324630737,0.784532368183136,0.215467631816864,False,False,False,False
AmsterTime,474,0.7984498143196106,0.8563207387924194,0.45646485686302185,0.5435351133346558,False,False,False,False
AmsterTime,475,0.6310802698135376,0.9338812232017517,0.8974867463111877,0.10251325368881226,False,False,False,True
AmsterTime,476,0.8307710289955139,0.8861791491508484,0.5813521146774292,0.4186478853225708,False,False,False,True
AmsterTime,477,0.9119004011154175,0.9377765655517578,0.7142913341522217,0.2857086658477783,False,False,False,True
AmsterTime,478,0.5566766262054443,0.9211969375610352,0.9175889492034912,0.08241105079650879,False,True,False,True
AmsterTime,479,0.669302225112915,0.8776895999908447,0.7182220220565796,0.2817779779434204,False,False,False,False
AmsterTime,480,0.8647236824035645,0.9074068069458008,0.6449500918388367,0.35504990816116333,False,False,False,False
AmsterTime,481,0.8316412568092346,0.829863429069519,0.28119954466819763,0.71880042552948,False,False,True,False
AmsterTime,482,0.9221304655075073,0.9362261295318604,0.7020867466926575,0.29791325330734253,False,False,False,True
AmsterTime,483,0.7282395362854004,0.8580593466758728,0.5493456125259399,0.45065438747406006,False,False,False,False
AmsterTime,484,0.8620519638061523,0.9008495211601257,0.6193663477897644,0.3806336522102356,False,False,False,True
AmsterTime,485,0.8646649122238159,0.8949805498123169,0.5901843905448914,0.40981560945510864,False,False,False,False
AmsterTime,486,0.5469492673873901,0.8933563232421875,0.8773536086082458,0.12264639139175415,False,False,False,True
AmsterTime,487,0.8868080377578735,0.9611198902130127,0.7895619869232178,0.21043801307678223,False,False,False,True
AmsterTime,488,0.592117190361023,0.9239208698272705,0.9038574695587158,0.09614253044128418,False,False,False,True
AmsterTime,489,0.8001074194908142,0.9265749454498291,0.7672823071479797,0.23271769285202026,False,False,False,False
AmsterTime,490,0.8715901374816895,0.9390324354171753,0.7474150657653809,0.25258493423461914,False,False,False,False
AmsterTime,491,0.75331050157547,0.9179612398147583,0.7805839776992798,0.21941602230072021,False,False,False,True
AmsterTime,492,0.8782938718795776,0.8452608585357666,0.31861555576324463,0.6813844442367554,False,False,True,True
AmsterTime,493,0.9257522225379944,0.922330379486084,0.6519981622695923,0.3480018377304077,False,False,False,False
AmsterTime,494,0.8538000583648682,0.9170645475387573,0.69197678565979,0.30802321434020996,False,False,False,True
AmsterTime,495,0.8862392902374268,0.9051782488822937,0.6162364482879639,0.38376355171203613,False,False,False,False
AmsterTime,496,0.8743072748184204,0.9475895166397095,0.7675982117652893,0.2324017882347107,False,False,False,False
AmsterTime,497,0.7648069262504578,0.9154975414276123,0.7635442018508911,0.2364557981491089,False,False,False,False
AmsterTime,498,0.7260069847106934,0.901482343673706,0.7522948384284973,0.24770516157150269,False,False,False,True
AmsterTime,499,0.9323511123657227,0.8718945980072021,0.4117029905319214,0.5882970094680786,False,False,False,False
AmsterTime,500,0.5358887314796448,0.8978461623191833,0.8930880427360535,0.10691195726394653,False,False,False,True
AmsterTime,501,0.728685736656189,0.9473540186882019,0.8627335429191589,0.13726645708084106,False,False,False,False
AmsterTime,502,0.5767542123794556,0.842962384223938,0.6663665771484375,0.3336334228515625,False,False,True,True
AmsterTime,503,0.5706138610839844,0.8447777628898621,0.6838205456733704,0.31617945432662964,False,False,True,True
AmsterTime,504,0.7166263461112976,0.8997105360031128,0.7549640536308289,0.24503594636917114,False,False,False,True
AmsterTime,505,0.7686612606048584,0.9332631826400757,0.8085885047912598,0.19141149520874023,False,False,False,False
AmsterTime,506,0.8270732760429382,0.9176355600357056,0.7169397473335266,0.2830602526664734,False,False,False,False
AmsterTime,507,0.8475837707519531,0.8669387698173523,0.4632328152656555,0.5367671847343445,False,False,False,False
AmsterTime,508,0.41482245922088623,0.8488067388534546,0.864870548248291,0.13512945175170898,True,False,True,False
AmsterTime,509,0.7825557589530945,0.8928492069244385,0.6622194647789001,0.33778053522109985,False,False,False,False
AmsterTime,510,0.5878053903579712,0.8852620124816895,0.8261346817016602,0.17386531829833984,False,False,False,False
AmsterTime,511,0.857223629951477,0.9501255750656128,0.7851768732070923,0.21482312679290771,False,False,False,False
AmsterTime,512,0.8347083330154419,0.9311209917068481,0.7530564665794373,0.24694353342056274,False,False,False,False
AmsterTime,513,0.8569800853729248,0.9306023120880127,0.734200119972229,0.265799880027771,False,False,False,False
AmsterTime,514,0.6431566476821899,0.9529920816421509,0.9145072102546692,0.08549278974533081,False,True,False,False
AmsterTime,515,0.8028585314750671,0.8941190242767334,0.6471163630485535,0.35288363695144653,False,False,False,False
AmsterTime,516,0.6245618462562561,0.9086098670959473,0.8569371700286865,0.14306282997131348,False,False,False,True
AmsterTime,517,0.7843228578567505,0.931607723236084,0.7929686903953552,0.20703130960464478,False,False,False,True
AmsterTime,518,0.7950194478034973,0.9566644430160522,0.8382388949394226,0.1617611050605774,False,False,False,False
AmsterTime,519,0.8966223001480103,0.8598999381065369,0.37904369831085205,0.620956301689148,False,False,False,False
AmsterTime,520,0.8140661716461182,0.8994309902191162,0.6590586304664612,0.3409413695335388,False,False,False,False
AmsterTime,521,0.8847416639328003,0.8759845495223999,0.4754781126976013,0.5245218873023987,False,False,False,True
AmsterTime,522,0.8384666442871094,0.9063084721565247,0.6644210815429688,0.33557891845703125,False,False,False,False
AmsterTime,523,0.9057497978210449,0.9377406239509583,0.7186797261238098,0.2813202738761902,False,False,False,False
AmsterTime,524,0.807186484336853,0.8925789594650269,0.6358095407485962,0.3641904592514038,False,False,False,False
AmsterTime,525,0.879652738571167,0.8871090412139893,0.53770512342453,0.46229487657546997,False,False,False,False
AmsterTime,526,0.8659641146659851,0.8979237079620361,0.6025620102882385,0.3974379897117615,False,False,False,False
AmsterTime,527,0.7936533689498901,0.9030069708824158,0.6934360265731812,0.30656397342681885,False,False,False,False
AmsterTime,528,0.7466675043106079,0.9166754484176636,0.782372236251831,0.21762776374816895,False,False,False,False
AmsterTime,529,0.5878053903579712,0.8477106094360352,0.67621910572052,0.32378089427948,False,False,True,False
AmsterTime,530,0.8498808145523071,0.899628758430481,0.625420331954956,0.37457966804504395,False,False,False,False
AmsterTime,531,0.7553156614303589,0.9211405515670776,0.7879239320755005,0.2120760679244995,False,False,False,False
AmsterTime,532,0.884367823600769,0.9263074398040771,0.6989207863807678,0.3010792136192322,False,False,False,True
AmsterTime,533,0.85665363073349,0.941135048866272,0.7638711333274841,0.23612886667251587,False,False,False,True
AmsterTime,534,0.7521694898605347,0.8962187767028809,0.7072107195854187,0.2927892804145813,False,False,False,False
AmsterTime,535,0.7940570116043091,0.8827798366546631,0.6031850576400757,0.3968149423599243,False,False,False,False
AmsterTime,536,0.879652738571167,0.8832318186759949,0.5180589556694031,0.4819410443305969,False,False,False,False
AmsterTime,537,0.7933446168899536,0.9296799898147583,0.7811108827590942,0.21888911724090576,False,False,False,True
AmsterTime,538,0.8965301513671875,0.8993863463401794,0.5811660289764404,0.41883397102355957,False,False,False,False
AmsterTime,539,0.3779814839363098,0.9458621144294739,0.9808201789855957,0.019179821014404297,True,True,False,True
AmsterTime,540,0.9288202524185181,0.8849427103996277,0.48215651512145996,0.51784348487854,False,False,False,False
AmsterTime,541,0.830237090587616,0.8722071647644043,0.5097035765647888,0.4902964234352112,False,False,False,False
AmsterTime,542,0.9151100516319275,0.8619636297225952,0.37416577339172363,0.6258342266082764,False,False,False,False
AmsterTime,543,0.8008677959442139,0.9250391721725464,0.7622573971748352,0.2377426028251648,False,False,False,False
AmsterTime,544,0.831571102142334,0.8964818120002747,0.6290664672851562,0.37093353271484375,False,False,False,False
AmsterTime,545,0.8681957721710205,0.9136673808097839,0.6668668985366821,0.33313310146331787,False,False,False,False
AmsterTime,546,0.6891567707061768,0.8966105580329895,0.7702242732048035,0.22977572679519653,False,False,False,True
AmsterTime,547,0.8718966245651245,0.9239972829818726,0.7011606693267822,0.2988393306732178,False,False,False,False
AmsterTime,548,0.729007363319397,0.9168980121612549,0.7975000739097595,0.20249992609024048,False,False,False,False
AmsterTime,549,0.9071090221405029,0.9262232780456543,0.6806525588035583,0.31934744119644165,False,False,False,False
AmsterTime,550,0.7934249043464661,0.9001468420028687,0.6821942925453186,0.3178057074546814,False,False,False,False
AmsterTime,551,0.9254357814788818,0.9280484914779663,0.6727693676948547,0.32723063230514526,False,False,False,False
AmsterTime,552,0.8136790990829468,0.910995602607727,0.7051795125007629,0.29482048749923706,False,False,False,False
AmsterTime,553,0.8807631731033325,0.9158154726028442,0.6643091440200806,0.33569085597991943,False,False,False,False
AmsterTime,554,0.8173555731773376,0.9187566637992859,0.7290342450141907,0.2709657549858093,False,False,False,False
AmsterTime,555,0.8660241365432739,0.8571687340736389,0.39205166697502136,0.6079483032226562,False,False,False,False
AmsterTime,556,0.9028655290603638,0.8928159475326538,0.5443593859672546,0.45564061403274536,False,False,False,False
AmsterTime,557,0.8229484558105469,0.8931237459182739,0.6223732233047485,0.37762677669525146,False,False,False,False
AmsterTime,558,0.7953283190727234,0.9354182481765747,0.7942389249801636,0.20576107501983643,False,False,False,False
AmsterTime,559,0.8191530108451843,0.9392568469047546,0.7862509489059448,0.21374905109405518,False,False,False,True
AmsterTime,560,0.9436706304550171,0.9081815481185913,0.5802636742591858,0.4197363257408142,False,False,False,False
AmsterTime,561,0.6865480542182922,0.9148743748664856,0.8257890939712524,0.17421090602874756,False,False,False,False
AmsterTime,562,0.7814110517501831,0.8902997970581055,0.6520867347717285,0.3479132652282715,False,False,False,True
AmsterTime,563,0.8845016360282898,0.9296532273292542,0.7097835540771484,0.29021644592285156,False,False,False,False
AmsterTime,564,0.5198159217834473,0.8705785274505615,0.8411556482315063,0.15884435176849365,False,False,False,True
AmsterTime,565,0.9168922901153564,0.9278215765953064,0.6785537004470825,0.3214462995529175,False,False,False,False
AmsterTime,566,0.9000873565673828,0.8680756688117981,0.4193720519542694,0.5806279182434082,False,False,False,False
AmsterTime,567,0.6790624856948853,0.8520315289497375,0.5786011219024658,0.4213988780975342,False,False,False,True
AmsterTime,568,0.8628715872764587,0.9417353868484497,0.7609482407569885,0.23905175924301147,False,False,False,False
AmsterTime,569,0.6769336462020874,0.9141556024551392,0.8313626646995544,0.16863733530044556,False,False,False,False
AmsterTime,570,0.5045732855796814,0.8944277763366699,0.9049490094184875,0.09505099058151245,True,False,False,True
AmsterTime,571,0.7866758108139038,0.7564722299575806,0.0704830214381218,0.9295169711112976,False,False,True,True
AmsterTime,572,0.7044254541397095,0.9393101930618286,0.8640157580375671,0.13598424196243286,False,False,False,True
AmsterTime,573,0.7026757001876831,0.9117669463157654,0.8048581480979919,0.19514185190200806,False,False,False,True
AmsterTime,574,0.4660753607749939,0.9087684154510498,0.9409009218215942,0.05909907817840576,True,True,False,False
AmsterTime,575,0.8058741092681885,0.9169603586196899,0.7329133749008179,0.26708662509918213,False,False,False,True
AmsterTime,576,0.8791193962097168,0.9073764085769653,0.6319376826286316,0.3680623173713684,False,False,False,False
AmsterTime,577,0.8809711337089539,0.9670683145523071,0.8046771287918091,0.19532287120819092,False,False,False,False
AmsterTime,578,0.8709784746170044,0.9070239067077637,0.6377349495887756,0.36226505041122437,False,False,False,False
AmsterTime,579,0.792633056640625,0.9376740455627441,0.8015778660774231,0.1984221339225769,False,False,False,False
AmsterTime,580,0.8553436994552612,0.9161983728408813,0.6874974370002747,0.31250256299972534,False,False,False,False
AmsterTime,581,0.9015655517578125,0.8169989585876465,0.1786186844110489,0.8213813304901123,False,False,True,False
AmsterTime,582,0.9518537521362305,0.8889116048812866,0.482748806476593,0.517251193523407,False,False,False,False
AmsterTime,583,0.757104754447937,0.9001129865646362,0.7175210118293762,0.2824789881706238,False,False,False,False
AmsterTime,584,0.6466109156608582,0.8607970476150513,0.6669272184371948,0.3330727815628052,False,False,False,True
AmsterTime,585,0.7944382429122925,0.8815333247184753,0.5966047644615173,0.40339523553848267,False,False,False,True
AmsterTime,586,0.38200122117996216,0.8561038374900818,0.9039171934127808,0.09608280658721924,True,False,False,True
AmsterTime,587,0.6014231443405151,0.9158108234405518,0.8860267996788025,0.11397320032119751,False,False,False,True
AmsterTime,588,0.6055716276168823,0.9070602655410767,0.8667464256286621,0.1332535743713379,False,False,False,True
AmsterTime,589,0.34880468249320984,0.7830147743225098,0.6652560234069824,0.3347439765930176,True,False,True,True
AmsterTime,590,0.5963393449783325,0.9317353963851929,0.9120544195175171,0.08794558048248291,False,False,False,True
AmsterTime,591,0.7201322317123413,0.9099737405776978,0.7850475311279297,0.2149524688720703,False,False,False,False
AmsterTime,592,0.44180190563201904,0.946189820766449,0.9711694717407227,0.028830528259277344,True,True,False,True
AmsterTime,593,0.4057732820510864,0.8759059906005859,0.9254341721534729,0.0745658278465271,True,True,False,True
AmsterTime,594,0.676146388053894,0.8348422050476074,0.48247623443603516,0.5175237655639648,False,False,True,False
AmsterTime,595,0.4311019778251648,0.9490721821784973,0.9740784764289856,0.025921523571014404,True,True,False,True
AmsterTime,596,0.545960545539856,0.8353122472763062,0.6678372621536255,0.3321627378463745,False,False,True,False
AmsterTime,597,0.694384753704071,0.7823586463928223,0.18762512505054474,0.8123748898506165,False,False,True,True
AmsterTime,598,0.8081748485565186,0.8951573967933655,0.6463640332221985,0.3536359667778015,False,False,False,False
AmsterTime,599,0.6033456325531006,0.9374117851257324,0.9155148863792419,0.08448511362075806,False,True,False,True
AmsterTime,600,0.5515673160552979,0.9075661897659302,0.9007924795150757,0.09920752048492432,False,False,False,True
AmsterTime,601,0.8438940048217773,0.9301683902740479,0.7431256771087646,0.25687432289123535,False,False,False,False
AmsterTime,602,0.5887575149536133,0.8762741088867188,0.7967925667762756,0.20320743322372437,False,False,False,False
AmsterTime,603,0.9403276443481445,0.9628392457962036,0.7599650025367737,0.24003499746322632,False,False,False,False
AmsterTime,604,0.7797329425811768,0.9024685621261597,0.704688549041748,0.29531145095825195,False,False,False,False
AmsterTime,605,0.8672305941581726,0.9406249523162842,0.7548905611038208,0.2451094388961792,False,False,False,False
AmsterTime,606,0.5508289337158203,0.9218906164169312,0.9210942983627319,0.07890570163726807,False,True,False,True
AmsterTime,607,0.6408840417861938,0.8841515779495239,0.7733766436576843,0.22662335634231567,False,False,False,True
AmsterTime,608,0.43829435110092163,0.9286164045333862,0.9637876749038696,0.03621232509613037,True,True,False,True
AmsterTime,609,0.6799508333206177,0.9053853750228882,0.8058333396911621,0.1941666603088379,False,False,False,True
AmsterTime,610,0.9150571227073669,0.8809036016464233,0.47347745299339294,0.5265225172042847,False,False,False,False
AmsterTime,611,0.8605732917785645,0.8629082441329956,0.4283759891986847,0.5716240406036377,False,False,False,False
AmsterTime,612,0.8611465692520142,0.9315041303634644,0.7336755990982056,0.26632440090179443,False,False,False,False
AmsterTime,613,0.7693793773651123,0.9495880603790283,0.8416547179222107,0.1583452820777893,False,False,False,True
AmsterTime,614,0.7205277681350708,0.874000072479248,0.6427484750747681,0.35725152492523193,False,False,False,False
AmsterTime,615,0.5513404607772827,0.9188387393951416,0.9170954823493958,0.08290451765060425,False,True,False,True
AmsterTime,616,0.6985012888908386,0.8262283802032471,0.4021431803703308,0.5978568196296692,False,False,True,False
AmsterTime,617,0.4406578540802002,0.8232548236846924,0.7462131977081299,0.2537868022918701,True,False,True,True
AmsterTime,618,0.7036542892456055,0.8992724418640137,0.7656593918800354,0.2343406081199646,False,False,False,True
AmsterTime,619,0.7123578786849976,0.8430410027503967,0.48321008682250977,0.5167899131774902,False,False,True,True
AmsterTime,620,0.6834543943405151,0.9200459718704224,0.8402537107467651,0.15974628925323486,False,False,False,True
AmsterTime,621,0.545960545539856,0.7758943438529968,0.3154841959476471,0.6845158338546753,False,False,True,False
AmsterTime,622,0.820256233215332,0.8787499070167542,0.5547847151756287,0.44521528482437134,False,False,False,False
AmsterTime,623,0.9032762050628662,0.9253817796707153,0.6807485222816467,0.31925147771835327,False,False,False,True
AmsterTime,624,0.45825350284576416,0.9225931167602539,0.9549953937530518,0.04500460624694824,True,True,False,True
AmsterTime,625,0.7595647573471069,0.8708429932594299,0.5810239315032959,0.4189760684967041,False,False,False,False
AmsterTime,626,0.616425633430481,0.8166993856430054,0.45639854669570923,0.5436014533042908,False,False,True,True
AmsterTime,627,0.6477412581443787,0.8980307579040527,0.81199049949646,0.18800950050354004,False,False,False,True
AmsterTime,628,0.7344659566879272,0.9314422607421875,0.829011082649231,0.17098891735076904,False,False,False,True
AmsterTime,629,0.8818747997283936,0.932617723941803,0.7211003303527832,0.2788996696472168,False,False,False,True
AmsterTime,630,0.6474024057388306,0.8733787536621094,0.7242011427879333,0.27579885721206665,False,False,False,True
AmsterTime,631,0.542345404624939,0.9298329949378967,0.9331758618354797,0.06682413816452026,False,True,False,True
AmsterTime,632,0.8686209917068481,0.9051414132118225,0.6319300532341003,0.36806994676589966,False,False,False,False
AmsterTime,633,0.5760711431503296,0.9399921894073486,0.9297463297843933,0.07025367021560669,False,True,False,True
AmsterTime,634,0.6569162011146545,0.9383870363235474,0.8900346159934998,0.10996538400650024,False,False,False,True
AmsterTime,635,0.8033474087715149,0.8777713775634766,0.5678701996803284,0.43212980031967163,False,False,False,False
AmsterTime,636,0.8437503576278687,0.9543638229370117,0.8031890988349915,0.19681090116500854,False,False,False,False
AmsterTime,637,0.7818224430084229,0.9017055034637451,0.6997055411338806,0.3002944588661194,False,False,False,True
AmsterTime,638,0.7236795425415039,0.9045745730400085,0.7649266719818115,0.23507332801818848,False,False,False,False
AmsterTime,639,0.49611687660217285,0.9289467334747314,0.9484860301017761,0.05151396989822388,True,True,False,True
AmsterTime,640,0.7510395646095276,0.9414164423942566,0.8382135033607483,0.1617864966392517,False,False,False,False
AmsterTime,641,0.7964476346969604,0.9588801264762878,0.8411351442337036,0.1588648557662964,False,False,False,False
AmsterTime,642,0.8648223280906677,0.852631688117981,0.3688162863254547,0.6311837434768677,False,False,False,True
AmsterTime,643,0.8308367133140564,0.9283385872840881,0.7479915618896484,0.25200843811035156,False,False,False,False
AmsterTime,644,0.813785195350647,0.9419357776641846,0.7964307069778442,0.20356929302215576,False,False,False,False
AmsterTime,645,0.8246599435806274,0.8878394365310669,0.5957129001617432,0.40428709983825684,False,False,False,False
AmsterTime,646,0.6622918844223022,0.9277818202972412,0.8699374198913574,0.13006258010864258,False,False,False,True
AmsterTime,647,0.8977342844009399,0.8907598257064819,0.5389754772186279,0.46102452278137207,False,False,False,True
AmsterTime,648,0.6887880563735962,0.8954061269760132,0.7664458155632019,0.2335541844367981,False,False,False,False
AmsterTime,649,0.856562614440918,0.9247267246246338,0.7160589098930359,0.2839410901069641,False,False,False,True
AmsterTime,650,0.5510231852531433,0.8693311214447021,0.8093671798706055,0.19063282012939453,False,False,False,True
AmsterTime,651,0.62978196144104,0.8610514402389526,0.68897944688797,0.31102055311203003,False,False,False,True
AmsterTime,652,0.7355473041534424,0.9127683043479919,0.7802292704582214,0.21977072954177856,False,False,False,False
AmsterTime,653,0.48230671882629395,0.8875358700752258,0.9054458737373352,0.0945541262626648,True,False,False,False
AmsterTime,654,0.6590225100517273,0.9439315795898438,0.8964824080467224,0.10351759195327759,False,False,False,True
AmsterTime,655,0.4751947224140167,0.8639167547225952,0.8587443828582764,0.14125561714172363,True,False,False,True
AmsterTime,656,0.6436033844947815,0.8967743515968323,0.8118739128112793,0.1881260871887207,False,False,False,False
AmsterTime,657,0.4701462984085083,0.9265316128730774,0.9544126391410828,0.045587360858917236,True,True,False,True
AmsterTime,658,0.43149349093437195,0.8510485887527466,0.8579473495483398,0.14205265045166016,True,False,False,True
AmsterTime,659,0.6436033844947815,0.9216078519821167,0.8704593181610107,0.12954068183898926,False,False,False,True
AmsterTime,660,0.8486810922622681,0.9127654433250427,0.6805063486099243,0.3194936513900757,False,False,False,False
AmsterTime,661,0.7764521241188049,0.8118038773536682,0.24312514066696167,0.7568748593330383,False,False,True,True
AmsterTime,662,0.8090071678161621,0.8324283957481384,0.3143601417541504,0.6856398582458496,False,False,True,False
AmsterTime,663,0.7972897291183472,0.9419726133346558,0.8080453872680664,0.1919546127319336,False,False,False,False
AmsterTime,664,0.6168539524078369,0.8076626062393188,0.4011880159378052,0.5988119840621948,False,False,True,True
AmsterTime,665,0.8232082724571228,0.9217013716697693,0.7337126135826111,0.2662873864173889,False,False,False,False
AmsterTime,666,0.9303826093673706,0.9246875047683716,0.6570345163345337,0.3429654836654663,False,False,False,False
AmsterTime,667,0.8746323585510254,0.9421861171722412,0.753690779209137,0.24630922079086304,False,False,False,False
AmsterTime,668,0.41482245922088623,0.9004548788070679,0.9502769708633423,0.049723029136657715,True,True,False,True
AmsterTime,669,0.6405560970306396,0.9532842636108398,0.9159417152404785,0.08405828475952148,False,True,False,False
AmsterTime,670,0.7467989921569824,0.9039863348007202,0.7415744662284851,0.2584255337715149,False,False,False,False
AmsterTime,671,0.6611469984054565,0.9538365602493286,0.9072632193565369,0.09273678064346313,False,False,False,False
AmsterTime,672,0.6805952191352844,0.9375003576278687,0.8753123879432678,0.12468761205673218,False,False,False,False
AmsterTime,673,0.5221015214920044,0.9120510220527649,0.9219158887863159,0.07808411121368408,False,True,False,False
AmsterTime,674,0.742457389831543,0.8800084590911865,0.6466512084007263,0.3533487915992737,False,False,False,True
AmsterTime,675,0.814670741558075,0.9417973756790161,0.7954871654510498,0.2045128345489502,False,False,False,False
AmsterTime,676,0.7164279222488403,0.9299652576446533,0.8384646773338318,0.1615353226661682,False,False,False,False
AmsterTime,677,0.5908102989196777,0.8987361192703247,0.8588127493858337,0.14118725061416626,False,False,False,True
AmsterTime,678,0.8974573612213135,0.9012370109558105,0.5887834429740906,0.4112165570259094,False,False,False,True
AmsterTime,679,0.8623156547546387,0.8827793002128601,0.5325376391410828,0.46746236085891724,False,False,False,False
AmsterTime,680,0.7059608697891235,0.9368739128112793,0.8588073253631592,0.14119267463684082,False,False,False,False
AmsterTime,681,0.6311471462249756,0.9206663370132446,0.8765459060668945,0.12345409393310547,False,False,False,False
AmsterTime,682,0.6246420741081238,0.882654070854187,0.7840372323989868,0.21596276760101318,False,False,False,True
AmsterTime,683,0.7377614974975586,0.9607508182525635,0.877260148525238,0.12273985147476196,False,False,False,False
AmsterTime,684,0.8902969360351562,0.9279305338859558,0.6996397376060486,0.3003602623939514,False,False,False,False
AmsterTime,685,0.5672492980957031,0.9125891923904419,0.900198221206665,0.09980177879333496,False,False,False,False
AmsterTime,686,0.825539767742157,0.898162305355072,0.6424010396003723,0.3575989603996277,False,False,False,False
AmsterTime,687,0.8208248019218445,0.933696448802948,0.7708227038383484,0.2291772961616516,False,False,False,False
AmsterTime,688,0.8172123432159424,0.8797651529312134,0.5632381439208984,0.43676185607910156,False,False,False,False
AmsterTime,689,0.8429684638977051,0.8630015850067139,0.4463697373867035,0.5536302328109741,False,False,False,False
AmsterTime,690,0.7731877565383911,0.8683080673217773,0.5517144203186035,0.4482855796813965,False,False,False,False
AmsterTime,691,0.7787145376205444,0.9244213104248047,0.7782688140869141,0.22173118591308594,False,False,False,False
AmsterTime,692,0.7346028089523315,0.8726585507392883,0.6195905208587646,0.38040947914123535,False,False,False,False
AmsterTime,693,0.6552420854568481,0.9509029984474182,0.9067690968513489,0.09323090314865112,False,False,False,False
AmsterTime,694,0.7508976459503174,0.9122637510299683,0.7654605507850647,0.2345394492149353,False,False,False,True
AmsterTime,695,0.5896886587142944,0.9221838712692261,0.9026458859443665,0.09735411405563354,False,False,False,True
AmsterTime,696,0.8213558197021484,0.8984566926956177,0.6477656960487366,0.3522343039512634,False,False,False,False
AmsterTime,697,0.8656501770019531,0.9005922079086304,0.6148753762245178,0.3851246237754822,False,False,False,False
AmsterTime,698,0.8430189490318298,0.9149913787841797,0.6937627792358398,0.30623722076416016,False,False,False,False
AmsterTime,699,0.8433802127838135,0.9333850741386414,0.752813458442688,0.247186541557312,False,False,False,False
AmsterTime,700,0.8930402398109436,0.8929924964904785,0.5541638731956482,0.4458361268043518,False,False,False,False
AmsterTime,701,0.764358639717102,0.917095422744751,0.768805205821991,0.23119479417800903,False,False,False,True
AmsterTime,702,0.8756859302520752,0.9049758315086365,0.6248279809951782,0.3751720190048218,False,False,False,False
AmsterTime,703,0.8888229727745056,0.8236281871795654,0.21139630675315857,0.788603663444519,False,False,True,False
AmsterTime,704,0.7634286880493164,0.9281619191169739,0.8000854253768921,0.1999145746231079,False,False,False,False
AmsterTime,705,0.7836689352989197,0.9350794553756714,0.8019469380378723,0.19805306196212769,False,False,False,False
AmsterTime,706,0.789010763168335,0.95854252576828,0.8450146317481995,0.15498536825180054,False,False,False,False
AmsterTime,707,0.890261709690094,0.9175713062286377,0.6629735231399536,0.3370264768600464,False,False,False,False
AmsterTime,708,0.6916085481643677,0.8799220323562622,0.7031536102294922,0.2968463897705078,False,False,False,True
AmsterTime,709,0.8460582494735718,0.9422235488891602,0.7742258310317993,0.22577416896820068,False,False,False,False
AmsterTime,710,0.5789530277252197,0.9132426977157593,0.8947447538375854,0.10525524616241455,False,False,False,False
AmsterTime,711,0.8997635245323181,0.8756376504898071,0.459729939699173,0.5402700901031494,False,False,False,False
AmsterTime,712,0.8997635245323181,0.8492480516433716,0.32127442955970764,0.6787256002426147,False,False,False,False
AmsterTime,713,0.8647586107254028,0.8655840158462524,0.43885231018066406,0.5611476898193359,False,False,False,False
AmsterTime,714,0.8955431580543518,0.8836880922317505,0.5054774880409241,0.4945225119590759,False,False,False,False
AmsterTime,715,0.862818717956543,0.930508553981781,0.7293639183044434,0.27063608169555664,False,False,False,False
AmsterTime,716,0.8395349979400635,0.9053264260292053,0.6594304442405701,0.34056955575942993,False,False,False,True
AmsterTime,717,0.884028971195221,0.9060600996017456,0.6219955086708069,0.3780044913291931,False,False,False,False
AmsterTime,718,0.8365058898925781,0.9310320615768433,0.7514058351516724,0.24859416484832764,False,False,False,False
AmsterTime,719,0.9294954538345337,0.9557381868362427,0.7504393458366394,0.2495606541633606,False,False,False,False
AmsterTime,720,0.6622548699378967,0.7952443361282349,0.2754155993461609,0.7245844006538391,False,False,True,False
AmsterTime,721,0.7279692888259888,0.9106871485710144,0.780457079410553,0.21954292058944702,False,False,False,True
AmsterTime,722,0.7889063954353333,0.9273093938827515,0.7781717777252197,0.22182822227478027,False,False,False,False
AmsterTime,723,0.5679277181625366,0.8600071668624878,0.757086455821991,0.24291354417800903,False,False,False,False
AmsterTime,724,0.5968490839004517,0.9167070388793945,0.8902260661125183,0.10977393388748169,False,False,False,True
AmsterTime,725,0.7771594524383545,0.9078883528709412,0.7272452116012573,0.2727547883987427,False,False,False,True
AmsterTime,726,0.953575611114502,0.8946977257728577,0.5097973346710205,0.4902026653289795,False,False,False,False
AmsterTime,727,0.7628522515296936,0.9032506346702576,0.7237793803215027,0.2762206196784973,False,False,False,False
AmsterTime,728,0.6399919986724854,0.8410546183586121,0.5689039826393127,0.43109601736068726,False,False,True,False
AmsterTime,729,0.7329285740852356,0.9236886501312256,0.8121228814125061,0.1878771185874939,False,False,False,True
AmsterTime,730,0.7866376638412476,0.9475479125976562,0.8267967700958252,0.1732032299041748,False,False,False,False
AmsterTime,731,0.899154007434845,0.8999680280685425,0.581487238407135,0.418512761592865,False,False,False,False
AmsterTime,732,0.8676238059997559,0.8847478032112122,0.5373684763908386,0.4626315236091614,False,False,False,True
AmsterTime,733,0.9072064161300659,0.8335937857627869,0.24165838956832886,0.7583416104316711,False,False,True,False
AmsterTime,734,0.798623263835907,0.9035625457763672,0.6908761262893677,0.3091238737106323,False,False,False,False
AmsterTime,735,0.8185303807258606,0.8757976293563843,0.5412216782569885,0.4587783217430115,False,False,False,True
AmsterTime,736,0.7377614974975586,0.9476416110992432,0.857765257358551,0.14223474264144897,False,False,False,True
AmsterTime,737,0.8090071678161621,0.8791167736053467,0.5686746835708618,0.4313253164291382,False,False,False,False
AmsterTime,738,0.6433837413787842,0.843254804611206,0.5768817067146301,0.4231182932853699,False,False,True,False
AmsterTime,739,0.8517733812332153,0.9056675434112549,0.6495335698127747,0.35046643018722534,False,False,False,False
AmsterTime,740,0.8127552270889282,0.9285318851470947,0.762833833694458,0.237166166305542,False,False,False,False
AmsterTime,741,0.8059732913970947,0.9072562456130981,0.6982651352882385,0.3017348647117615,False,False,False,True
AmsterTime,742,0.811822772026062,0.9049744009971619,0.683943510055542,0.316056489944458,False,False,False,False
AmsterTime,743,0.7998231649398804,0.9362189173698425,0.7928977012634277,0.20710229873657227,False,False,False,False
AmsterTime,744,0.901942253112793,0.8955274820327759,0.5582321286201477,0.4417678713798523,False,False,False,True
AmsterTime,745,0.8353630304336548,0.8989295959472656,0.6362327337265015,0.36376726627349854,False,False,False,False
AmsterTime,746,0.8353630304336548,0.9236517548561096,0.7299090027809143,0.2700909972190857,False,False,False,False
AmsterTime,747,0.7450505495071411,0.8825157880783081,0.6555530428886414,0.34444695711135864,False,False,False,False
AmsterTime,748,0.4544401466846466,0.8905500173568726,0.9241015911102295,0.07589840888977051,True,True,False,True
AmsterTime,749,0.9643958210945129,0.8969852924346924,0.512043297290802,0.487956702709198,False,False,False,False
AmsterTime,750,0.8804787397384644,0.8595730066299438,0.39164432883262634,0.6083556413650513,False,False,False,False
AmsterTime,751,0.8551973104476929,0.913582444190979,0.6778746843338013,0.32212531566619873,False,False,False,False
AmsterTime,752,0.7787599563598633,0.9008404612541199,0.6992741227149963,0.30072587728500366,False,False,False,False
AmsterTime,753,0.795420229434967,0.9242468476295471,0.7643471956253052,0.23565280437469482,False,False,False,False
AmsterTime,754,0.8311668634414673,0.9354004859924316,0.7675772309303284,0.23242276906967163,False,False,False,True
AmsterTime,755,0.8400110006332397,0.8686801791191101,0.48044925928115845,0.5195507407188416,False,False,False,False
AmsterTime,756,0.6713709831237793,0.9123088121414185,0.8310903906822205,0.16890960931777954,False,False,False,True
AmsterTime,757,0.6075073480606079,0.9232003688812256,0.8945807218551636,0.10541927814483643,False,False,False,True
AmsterTime,758,0.8573499917984009,0.9541283845901489,0.7938476204872131,0.20615237951278687,False,False,False,False
AmsterTime,759,0.7491252422332764,0.8941768407821655,0.7020654082298279,0.2979345917701721,False,False,False,True
AmsterTime,760,0.6885643005371094,0.9222973585128784,0.8415736556053162,0.15842634439468384,False,False,False,True
AmsterTime,761,0.668135404586792,0.9549741744995117,0.9052534103393555,0.09474658966064453,False,False,False,False
AmsterTime,762,0.8995169401168823,0.9480617046356201,0.751449704170227,0.24855029582977295,False,False,False,False
AmsterTime,763,0.6885643005371094,0.9203891754150391,0.8373345136642456,0.1626654863357544,False,False,False,False
AmsterTime,764,0.8425922989845276,0.8400697708129883,0.3229128122329712,0.6770871877670288,False,False,True,False
AmsterTime,765,0.8883655071258545,0.908616304397583,0.6289710998535156,0.3710289001464844,False,False,False,False
AmsterTime,766,0.8682319521903992,0.9258173108100891,0.7102035284042358,0.28979647159576416,False,False,False,False
AmsterTime,767,0.4018845856189728,0.9285419583320618,0.9712585210800171,0.02874147891998291,True,True,False,True
AmsterTime,768,0.8841469883918762,0.8899661302566528,0.547652542591095,0.45234745740890503,False,False,False,False
AmsterTime,769,0.848939061164856,0.9356998205184937,0.7550545930862427,0.24494540691375732,False,False,False,False
AmsterTime,770,0.8140696287155151,0.8825792074203491,0.5808307528495789,0.41916924715042114,False,False,False,True
AmsterTime,771,0.3406445384025574,0.893398642539978,0.9647828340530396,0.03521716594696045,True,True,False,True
AmsterTime,772,0.816098690032959,0.896199107170105,0.6430637240409851,0.3569362759590149,False,False,False,True
AmsterTime,773,0.8278408050537109,0.9035593271255493,0.6631141901016235,0.33688580989837646,False,False,False,True
AmsterTime,774,0.9306259751319885,0.9077962636947632,0.5893318057060242,0.41066819429397583,False,False,False,False
AmsterTime,775,0.838607907295227,0.8643277883529663,0.4581051170825958,0.5418949127197266,False,False,False,False
AmsterTime,776,0.7435669898986816,0.9234327077865601,0.8033052682876587,0.1966947317123413,False,False,False,False
AmsterTime,777,0.6819510459899902,0.8243756294250488,0.41250327229499817,0.5874967575073242,False,False,True,False
AmsterTime,778,0.6201542019844055,0.9066604375839233,0.8557435870170593,0.14425641298294067,False,False,False,True
AmsterTime,779,0.8767386674880981,0.9583135843276978,0.7901332974433899,0.2098667025566101,False,False,False,False
AmsterTime,780,0.7472658157348633,0.874211311340332,0.6126943230628967,0.38730567693710327,False,False,False,False
AmsterTime,781,0.9088469743728638,0.9009946584701538,0.5776031613349915,0.42239683866500854,False,False,False,False
AmsterTime,782,0.7640495300292969,0.9296516180038452,0.8033211827278137,0.19667881727218628,False,False,False,True
AmsterTime,783,0.631841778755188,0.8927825689315796,0.8102359771728516,0.18976402282714844,False,False,False,True
AmsterTime,784,0.9113863706588745,0.8916674852371216,0.5311058163642883,0.46889418363571167,False,False,False,False
AmsterTime,785,0.7535401582717896,0.8341352939605713,0.3814009428024292,0.6185990571975708,False,False,True,False
AmsterTime,786,0.7798692584037781,0.9255733489990234,0.780535876750946,0.21946412324905396,False,False,False,False
AmsterTime,787,0.8377786874771118,0.9326674938201904,0.7550787329673767,0.2449212670326233,False,False,False,False
AmsterTime,788,0.8675262928009033,0.916948676109314,0.6798259019851685,0.32017409801483154,False,False,False,False
AmsterTime,789,0.7045453190803528,0.8545936942100525,0.5598684549331665,0.4401315450668335,False,False,False,False
AmsterTime,790,0.7417281866073608,0.9088630676269531,0.7626899480819702,0.23731005191802979,False,False,False,False
AmsterTime,791,0.59740149974823,0.7869986295700073,0.30911538004875183,0.6908845901489258,False,False,True,True
AmsterTime,792,0.8201559782028198,0.9441457390785217,0.7970259785652161,0.20297402143478394,False,False,False,False
AmsterTime,793,0.7736848592758179,0.8486388921737671,0.44086700677871704,0.559132993221283,False,False,True,False
AmsterTime,794,0.8023744821548462,0.9779574871063232,0.8655246496200562,0.13447535037994385,False,False,False,True
AmsterTime,795,0.7992347478866577,0.9411847591400146,0.8049366474151611,0.19506335258483887,False,False,False,False
AmsterTime,796,0.8156914114952087,0.91316819190979,0.71124267578125,0.28875732421875,False,False,False,False
AmsterTime,797,0.8517323732376099,0.9325166940689087,0.7439289689064026,0.2560710310935974,False,False,False,True
AmsterTime,798,0.7273681163787842,0.9088847637176514,0.7754459977149963,0.22455400228500366,False,False,False,True
AmsterTime,799,0.7596151828765869,0.9175848960876465,0.774245023727417,0.225754976272583,False,False,False,True
AmsterTime,800,0.5143404006958008,0.9207925200462341,0.9350122213363647,0.06498777866363525,False,True,False,True
AmsterTime,801,0.8732101321220398,0.8987549543380737,0.5995814800262451,0.4004185199737549,False,False,False,True
AmsterTime,802,0.8709784746170044,0.9391871690750122,0.7482866048812866,0.2517133951187134,False,False,False,False
AmsterTime,803,0.6769336462020874,0.9022416472434998,0.7992336750030518,0.20076632499694824,False,False,False,True
AmsterTime,804,0.5840898156166077,0.9290304183959961,0.9145094752311707,0.08549052476882935,False,True,False,True
AmsterTime,805,0.7875183820724487,0.880159854888916,0.5972856283187866,0.4027143716812134,False,False,False,False
AmsterTime,806,0.8386301398277283,0.9569730758666992,0.8116649389266968,0.18833506107330322,False,False,False,False
AmsterTime,807,0.8053044080734253,0.9330162405967712,0.7807628512382507,0.21923714876174927,False,False,False,True
AmsterTime,808,0.7668884992599487,0.8820345401763916,0.6291691660881042,0.37083083391189575,False,False,False,True
AmsterTime,809,0.566181480884552,0.931739330291748,0.9255216717720032,0.07447832822799683,False,True,False,True
AmsterTime,810,0.7227492928504944,0.8848504424095154,0.69049072265625,0.30950927734375,False,False,False,False
AmsterTime,811,0.3430402874946594,0.9303306341171265,0.9809530973434448,0.019046902656555176,True,True,False,False
AmsterTime,812,0.7723097205162048,0.8204078674316406,0.28806018829345703,0.711939811706543,False,False,True,True
AmsterTime,813,0.8628715872764587,0.9459740519523621,0.7715873718261719,0.22841262817382812,False,False,False,False
AmsterTime,814,0.6372149586677551,0.9233624935150146,0.877592921257019,0.12240707874298096,False,False,False,True
AmsterTime,815,0.6047148704528809,0.9156786799430847,0.8838265538215637,0.11617344617843628,False,False,False,True
AmsterTime,816,0.943893551826477,0.8832540512084961,0.4607918858528137,0.5392081141471863,False,False,False,False
AmsterTime,817,0.6950169801712036,0.9377045035362244,0.8670281767845154,0.13297182321548462,False,False,False,False
AmsterTime,818,0.920993983745575,0.9148876667022705,0.6270262002944946,0.37297379970550537,False,False,False,True
AmsterTime,819,0.7929726839065552,0.9150102734565735,0.7376207709312439,0.2623792290687561,False,False,False,True
AmsterTime,820,0.7021231651306152,0.8934046030044556,0.7463390231132507,0.25366097688674927,False,False,False,False
AmsterTime,821,0.6941089630126953,0.7868729829788208,0.20588035881519318,0.794119656085968,False,False,True,True
AmsterTime,822,0.5640324354171753,0.9364706873893738,0.9311312437057495,0.06886875629425049,False,True,False,True
AmsterTime,823,0.6534255743026733,0.9071354269981384,0.8320462107658386,0.16795378923416138,False,False,False,True
AmsterTime,824,0.7567013502120972,0.9068412780761719,0.7423743605613708,0.25762563943862915,False,False,False,True
AmsterTime,825,0.5463186502456665,0.9521830081939697,0.9494166970252991,0.05058330297470093,False,True,False,True
AmsterTime,826,0.8114280700683594,0.9440785646438599,0.8029148578643799,0.19708514213562012,False,False,False,False
AmsterTime,827,0.5228159427642822,0.8954352140426636,0.8964133262634277,0.10358667373657227,False,False,False,True
AmsterTime,828,0.9368121027946472,0.8722347021102905,0.40978947281837463,0.5902105569839478,False,False,False,False
AmsterTime,829,0.6585602164268494,0.8803077936172485,0.7406653165817261,0.2593346834182739,False,False,False,True
AmsterTime,830,0.8083401322364807,0.9339451193809509,0.7808845043182373,0.2191154956817627,False,False,False,False
AmsterTime,831,0.4139631688594818,0.8705739378929138,0.9129558801651001,0.0870441198348999,True,True,False,True
AmsterTime,832,0.8732120990753174,0.9436510801315308,0.7585155367851257,0.24148446321487427,False,False,False,True
AmsterTime,833,0.8605732917785645,0.9359214305877686,0.7469421029090881,0.25305789709091187,False,False,False,False
AmsterTime,834,0.7149744033813477,0.9287087917327881,0.8368125557899475,0.1631874442100525,False,False,False,True
AmsterTime,835,0.9115779399871826,0.8975430727005005,0.5591883659362793,0.4408116340637207,False,False,False,True
AmsterTime,836,0.5599566698074341,0.8869503140449524,0.8532950282096863,0.14670497179031372,False,False,False,True
AmsterTime,837,0.4763801395893097,0.8486874103546143,0.8103041648864746,0.1896958351135254,True,False,True,True
AmsterTime,838,0.6303507685661316,0.9564211368560791,0.9232163429260254,0.07678365707397461,False,True,False,True
AmsterTime,839,0.8516784906387329,0.919196367263794,0.7013705968856812,0.29862940311431885,False,False,False,False
AmsterTime,840,0.8370256423950195,0.9166597127914429,0.7049645781517029,0.2950354218482971,False,False,False,False
AmsterTime,841,0.6692919731140137,0.8971608877182007,0.7903724312782288,0.20962756872177124,False,False,False,True
AmsterTime,842,0.7226473093032837,0.8787969946861267,0.663279116153717,0.33672088384628296,False,False,False,False
AmsterTime,843,0.8387645483016968,0.9365053176879883,0.7648436427116394,0.2351563572883606,False,False,False,False
AmsterTime,844,0.7109047174453735,0.8282210826873779,0.3982243537902832,0.6017756462097168,False,False,True,False
AmsterTime,845,0.884358286857605,0.915793776512146,0.6611759662628174,0.3388240337371826,False,False,False,False
AmsterTime,846,0.8626987934112549,0.8979105949401855,0.6055770516395569,0.3944229483604431,False,False,False,False
AmsterTime,847,0.7808935642242432,0.895014762878418,0.6732682585716248,0.32673174142837524,False,False,False,False
AmsterTime,848,0.6653578281402588,0.9276013970375061,0.8676923513412476,0.13230764865875244,False,False,False,True
AmsterTime,849,0.5740371942520142,0.9393655061721802,0.9299549460411072,0.07004505395889282,False,True,False,True
AmsterTime,850,0.6653578281402588,0.9321828484535217,0.8756497502326965,0.12435024976730347,False,False,False,True
AmsterTime,851,0.6872280836105347,0.9484829902648926,0.8877745866775513,0.11222541332244873,False,False,False,True
AmsterTime,852,0.6703776121139526,0.9362678527832031,0.8793094754219055,0.12069052457809448,False,False,False,True
AmsterTime,853,0.9244753122329712,0.9052040576934814,0.5830947160720825,0.4169052839279175,False,False,False,False
AmsterTime,854,0.8487775921821594,0.926638126373291,0.7284837961196899,0.27151620388031006,False,False,False,True
AmsterTime,855,0.741931676864624,0.9236994981765747,0.8052515387535095,0.19474846124649048,False,False,False,True
AmsterTime,856,0.8447000980377197,0.8938791751861572,0.6043123602867126,0.39568763971328735,False,False,False,False
AmsterTime,857,0.702356219291687,0.9084185361862183,0.7956312298774719,0.20436877012252808,False,False,False,False
AmsterTime,858,0.6937952041625977,0.8549255132675171,0.5755589604377747,0.42444103956222534,False,False,False,True
AmsterTime,859,0.3430402874946594,0.922807514667511,0.9785845279693604,0.02141547203063965,True,True,False,True
AmsterTime,860,0.7994070053100586,0.9403688907623291,0.8029713034629822,0.19702869653701782,False,False,False,False
AmsterTime,861,0.6493213176727295,0.9375327825546265,0.8929156064987183,0.10708439350128174,False,False,False,True
AmsterTime,862,0.5925921201705933,0.8351024389266968,0.601336658000946,0.39866334199905396,False,False,True,True
AmsterTime,863,0.8183363676071167,0.8966426849365234,0.6428043842315674,0.3571956157684326,False,False,False,True
AmsterTime,864,0.8828530311584473,0.9016401171684265,0.6037369966506958,0.3962630033493042,False,False,False,False
AmsterTime,865,0.8828530311584473,0.9202560186386108,0.6790604591369629,0.3209395408630371,False,False,False,False
AmsterTime,866,0.7994070053100586,0.8903186321258545,0.6334576606750488,0.36654233932495117,False,False,False,False
AmsterTime,867,0.8469642400741577,0.9363516569137573,0.7583160996437073,0.24168390035629272,False,False,False,False
AmsterTime,868,0.6714777946472168,0.9244755506515503,0.8578290343284607,0.1421709656715393,False,False,False,True
AmsterTime,869,0.6504136919975281,0.9104201197624207,0.8423393368721008,0.15766066312789917,False,False,False,True
AmsterTime,870,0.7410215139389038,0.9124921560287476,0.7747106552124023,0.22528934478759766,False,False,False,False
AmsterTime,871,0.6660833358764648,0.9278430938720703,0.8676732778549194,0.13232672214508057,False,False,False,False
AmsterTime,872,0.7275422215461731,0.8803691864013672,0.6650795340538025,0.3349204659461975,False,False,False,False
AmsterTime,873,0.7969048023223877,0.9169172048568726,0.7404971718788147,0.2595028281211853,False,False,False,False
AmsterTime,874,0.6505261659622192,0.9088765382766724,0.8385734558105469,0.16142654418945312,False,False,False,True
AmsterTime,875,0.7102560997009277,0.9078385829925537,0.7871420979499817,0.2128579020500183,False,False,False,True
AmsterTime,876,0.7143880128860474,0.9046621918678284,0.7736142873764038,0.2263857126235962,False,False,False,True
AmsterTime,877,0.9178675413131714,0.9371010065078735,0.7078948020935059,0.29210519790649414,False,False,False,False
AmsterTime,878,0.7413978576660156,0.9314100742340088,0.8240211606025696,0.17597883939743042,False,False,False,True
AmsterTime,879,0.7478793859481812,0.8855441808700562,0.6663309335708618,0.3336690664291382,False,False,False,True
AmsterTime,880,0.5886359810829163,0.9139797687530518,0.8904168009757996,0.10958319902420044,False,False,False,True
AmsterTime,881,0.5178358554840088,0.8709602355957031,0.8439006209373474,0.1560993790626526,False,False,False,True
AmsterTime,882,0.570419430732727,0.9001195430755615,0.8758746981620789,0.12412530183792114,False,False,False,False
AmsterTime,883,0.4454902410507202,0.8986634016036987,0.9379116296768188,0.06208837032318115,True,True,False,True
AmsterTime,884,0.7432937622070312,0.9250422716140747,0.807591438293457,0.19240856170654297,False,False,False,False
AmsterTime,885,0.6884363889694214,0.9167786836624146,0.8290026187896729,0.17099738121032715,False,False,False,False
AmsterTime,886,0.9421644806861877,0.9624524116516113,0.7579753398895264,0.24202466011047363,False,False,False,False
AmsterTime,887,0.6340370774269104,0.9377522468566895,0.9011749625205994,0.09882503747940063,False,False,False,True
AmsterTime,888,0.7821675539016724,0.9444535970687866,0.8235934972763062,0.17640650272369385,False,False,False,True
AmsterTime,889,0.8431501388549805,0.9487606287002563,0.7916229963302612,0.20837700366973877,False,False,False,False
AmsterTime,890,0.6448389291763306,0.9438613653182983,0.9035097360610962,0.09649026393890381,False,False,False,True
AmsterTime,891,0.5940258502960205,0.8631877899169922,0.7410123944282532,0.2589876055717468,False,False,False,True
AmsterTime,892,0.6195105314254761,0.9213953018188477,0.8848339915275574,0.11516600847244263,False,False,False,True
AmsterTime,893,0.8513177633285522,0.9241819977760315,0.7185508012771606,0.28144919872283936,False,False,False,False
AmsterTime,894,0.8247241377830505,0.8913885951042175,0.6125385761260986,0.38746142387390137,False,False,False,True
AmsterTime,895,0.8144370317459106,0.9066280722618103,0.6879829168319702,0.3120170831680298,False,False,False,False
AmsterTime,896,0.8832730054855347,0.9212850332260132,0.682415246963501,0.317584753036499,False,False,False,False
AmsterTime,897,0.9273200035095215,0.9561274647712708,0.7527718544006348,0.24722814559936523,False,False,False,False
AmsterTime,898,0.47457408905029297,0.8740550875663757,0.8838514089584351,0.11614859104156494,True,False,False,True
AmsterTime,899,0.6142951250076294,0.9518120288848877,0.9255093336105347,0.07449066638946533,False,True,False,True
AmsterTime,900,0.859051525592804,0.9499481320381165,0.7835432291030884,0.21645677089691162,False,False,False,True
AmsterTime,901,0.9133551120758057,0.919532835483551,0.6514049768447876,0.3485950231552124,False,False,False,False
AmsterTime,902,0.5459583401679993,0.8994612097740173,0.8900247812271118,0.10997521877288818,False,False,False,True
AmsterTime,903,0.6299723386764526,0.8179666996002197,0.4447867274284363,0.5552132725715637,False,False,True,True
AmsterTime,904,0.6887880563735962,0.9140565991401672,0.8220102190971375,0.17798978090286255,False,False,False,False
AmsterTime,905,0.6724457144737244,0.8953912258148193,0.7817627191543579,0.2182372808456421,False,False,False,True
AmsterTime,906,0.8219209909439087,0.9493976831436157,0.8072534203529358,0.1927465796470642,False,False,False,False
AmsterTime,907,0.5440776348114014,0.9130025506019592,0.9128159284591675,0.08718407154083252,False,True,False,True
AmsterTime,908,0.8046109080314636,0.8142828941345215,0.23112329840660095,0.7688766717910767,False,False,True,True
AmsterTime,909,0.4452170431613922,0.9181065559387207,0.9554401636123657,0.04455983638763428,True,True,False,True
AmsterTime,910,0.9202040433883667,0.9027314186096191,0.5756444334983826,0.42435556650161743,False,False,False,False
AmsterTime,911,0.8580987453460693,0.9672086834907532,0.8185510635375977,0.18144893646240234,False,False,False,False
AmsterTime,912,0.8520513772964478,0.9241527318954468,0.71785569190979,0.28214430809020996,False,False,False,False
AmsterTime,913,0.7349236011505127,0.927293062210083,0.8193091154098511,0.18069088459014893,False,False,False,True
AmsterTime,914,0.7896591424942017,0.8888336420059204,0.6367648243904114,0.3632351756095886,False,False,False,False
AmsterTime,915,0.6945796012878418,0.9017753005027771,0.7822043895721436,0.21779561042785645,False,False,False,True
AmsterTime,916,0.7234096527099609,0.8919442296028137,0.7193202972412109,0.28067970275878906,False,False,False,True
AmsterTime,917,0.927815318107605,0.9445611238479614,0.7225955128669739,0.2774044871330261,False,False,False,False
AmsterTime,918,0.8576720952987671,0.904035210609436,0.6372449398040771,0.36275506019592285,False,False,False,False
AmsterTime,919,0.6871618032455444,0.9334363341331482,0.8644759058952332,0.13552409410476685,False,False,False,True
AmsterTime,920,0.504991888999939,0.9170790910720825,0.9348207116127014,0.06517928838729858,True,True,False,True
AmsterTime,921,0.6950154304504395,0.9534176588058472,0.8901669979095459,0.1098330020904541,False,False,False,True
AmsterTime,922,0.504991888999939,0.9314168691635132,0.9475948214530945,0.05240517854690552,True,True,False,False
AmsterTime,923,0.6150267720222473,0.9489075541496277,0.9224900007247925,0.07750999927520752,False,True,False,True
AmsterTime,924,0.5508289337158203,0.8650364875793457,0.7946292161941528,0.20537078380584717,False,False,False,False
AmsterTime,925,0.48471975326538086,0.8745665550231934,0.878162145614624,0.12183785438537598,True,False,False,True
AmsterTime,926,0.6645588874816895,0.855326771736145,0.6156800985336304,0.38431990146636963,False,False,False,True
AmsterTime,927,0.7909946441650391,0.9488421082496643,0.8264758586883545,0.1735241413116455,False,False,False,False
AmsterTime,928,0.7292505502700806,0.8807474374771118,0.664917528629303,0.335082471370697,False,False,False,True
AmsterTime,929,0.8437615633010864,0.9111406803131104,0.6786741018295288,0.3213258981704712,False,False,False,True
AmsterTime,930,0.602063775062561,0.9003962874412537,0.8544887900352478,0.1455112099647522,False,False,False,True
AmsterTime,931,0.900520384311676,0.8878688812255859,0.5220785140991211,0.4779214859008789,False,False,False,False
AmsterTime,932,0.6306295394897461,0.8884156942367554,0.7977007031440735,0.2022992968559265,False,False,False,True
AmsterTime,933,0.8388153314590454,0.926967203617096,0.7374986410140991,0.2625013589859009,False,False,False,True
AmsterTime,934,0.631184458732605,0.8437585830688477,0.5965195894241333,0.4034804105758667,False,False,True,True
AmsterTime,935,0.5122486352920532,0.7258166074752808,0.13627319037914276,0.863726794719696,False,False,True,True
AmsterTime,936,0.5508711934089661,0.9539308547973633,0.9491670727729797,0.050832927227020264,False,True,False,True
AmsterTime,937,0.6262109279632568,0.8967961072921753,0.8265753984451294,0.1734246015548706,False,False,False,False
AmsterTime,938,0.8728328347206116,0.928666889667511,0.7157704830169678,0.2842295169830322,False,False,False,False
AmsterTime,939,0.5811474323272705,0.9051260948181152,0.878914475440979,0.121085524559021,False,False,False,False
AmsterTime,940,0.7996500730514526,0.9176963567733765,0.7406768798828125,0.2593231201171875,False,False,False,True
AmsterTime,941,0.9414651393890381,0.9393163323402405,0.6976698637008667,0.3023301362991333,False,False,False,False
AmsterTime,942,0.7726577520370483,0.9610491991043091,0.8584491014480591,0.14155089855194092,False,False,False,True
AmsterTime,943,0.5433056354522705,0.8250006437301636,0.6145699620246887,0.3854300379753113,False,False,True,True
AmsterTime,944,0.8870408535003662,0.9698930978775024,0.80621337890625,0.19378662109375,False,False,False,False
AmsterTime,945,0.5603846311569214,0.8565844893455505,0.7512856125831604,0.2487143874168396,False,False,False,True
AmsterTime,946,0.42407363653182983,0.770610511302948,0.46770328283309937,0.5322967171669006,True,False,True,True
AmsterTime,947,0.5379220247268677,0.7177737951278687,0.09846410155296326,0.9015358686447144,False,False,True,False
AmsterTime,948,0.49481528997421265,0.9131374359130859,0.934634268283844,0.065365731716156,True,True,False,True
AmsterTime,949,0.517516553401947,0.9314061999320984,0.9435181617736816,0.05648183822631836,False,True,False,True
AmsterTime,950,0.8652856349945068,0.9084466099739075,0.6487155556678772,0.3512844443321228,False,False,False,False
AmsterTime,951,0.8028621673583984,0.8950250148773193,0.6511161923408508,0.34888380765914917,False,False,False,False
AmsterTime,952,0.9015172719955444,0.9025709629058838,0.5911934971809387,0.4088065028190613,False,False,False,False
AmsterTime,953,0.6466109156608582,0.8647789359092712,0.6862903833389282,0.3137096166610718,False,False,False,False
AmsterTime,954,0.873868465423584,0.9405171275138855,0.7497926354408264,0.2502073645591736,False,False,False,False
AmsterTime,955,0.8569418787956238,0.8922456502914429,0.5846808552742004,0.41531914472579956,False,False,False,False
AmsterTime,956,0.8569418787956238,0.9273533821105957,0.7242018580436707,0.27579814195632935,False,False,False,False
AmsterTime,957,0.6822382211685181,0.8433524370193481,0.5246027708053589,0.4753972291946411,False,False,True,True
AmsterTime,958,0.6214075088500977,0.9372973442077637,0.9068737030029297,0.09312629699707031,False,False,False,True
AmsterTime,959,0.8454053401947021,0.7407371997833252,0.03781235218048096,0.962187647819519,False,False,True,True
AmsterTime,960,0.7201583385467529,0.9148250222206116,0.7989928126335144,0.2010071873664856,False,False,False,False
AmsterTime,961,0.6181567907333374,0.8480165004730225,0.6376485824584961,0.3623514175415039,False,False,True,True
AmsterTime,962,0.9116901159286499,0.9145085215568542,0.6331864595413208,0.3668135404586792,False,False,False,False
AmsterTime,963,0.8529285192489624,0.8779979944229126,0.5171017050743103,0.4828982949256897,False,False,False,False
AmsterTime,964,0.6696964502334595,0.8740919828414917,0.7020981907844543,0.29790180921554565,False,False,False,False
AmsterTime,965,0.9270588159561157,0.8362752199172974,0.2405208796262741,0.7594791054725647,False,False,True,False
AmsterTime,966,0.8022782206535339,0.8747293949127197,0.5531898140907288,0.44681018590927124,False,False,False,True
AmsterTime,967,0.7263827323913574,0.8255352973937988,0.364287793636322,0.635712206363678,False,False,True,True
AmsterTime,968,0.7914682030677795,0.9058902263641357,0.706619143486023,0.29338085651397705,False,False,False,False
AmsterTime,969,0.7282878756523132,0.9000454545021057,0.7450650930404663,0.2549349069595337,False,False,False,False
AmsterTime,970,0.8179386854171753,0.7744332551956177,0.09450992196798325,0.9054901003837585,False,False,True,False
AmsterTime,971,0.6200015544891357,0.9323917627334595,0.9012018442153931,0.09879815578460693,False,False,False,False
AmsterTime,972,0.8923180103302002,0.8645060062408447,0.4073147177696228,0.5926852822303772,False,False,False,False
AmsterTime,973,0.7964476943016052,0.9081600904464722,0.7104637622833252,0.2895362377166748,False,False,False,False
AmsterTime,974,0.8651665449142456,0.8503228425979614,0.3562375009059906,0.643762469291687,False,False,False,False
AmsterTime,975,0.9182672500610352,0.8027095198631287,0.12570466101169586,0.8742953538894653,False,False,True,False
AmsterTime,976,0.6651483774185181,0.9139852523803711,0.8397753238677979,0.16022467613220215,False,False,False,True
AmsterTime,977,0.7594807147979736,0.9244699478149414,0.7936097979545593,0.20639020204544067,False,False,False,False
AmsterTime,978,0.8529824018478394,0.8265416622161865,0.24852271378040314,0.7514773011207581,False,False,True,False
AmsterTime,979,0.71993088722229,0.9521970748901367,0.8751562833786011,0.12484371662139893,False,False,False,True
AmsterTime,980,0.8343285322189331,0.894747257232666,0.6185042262077332,0.38149577379226685,False,False,False,False
AmsterTime,981,0.6650359630584717,0.9103282690048218,0.8310573101043701,0.16894268989562988,False,False,False,True
AmsterTime,982,0.6041377782821655,0.9605767130851746,0.9364839196205139,0.06351608037948608,False,True,False,False
AmsterTime,983,0.7664979696273804,0.822201132774353,0.3028563857078552,0.6971436142921448,False,False,True,False
AmsterTime,984,0.8700132369995117,0.9413490891456604,0.7547994256019592,0.24520057439804077,False,False,False,False
AmsterTime,985,0.6856811046600342,0.9413229823112488,0.8783495426177979,0.12165045738220215,False,False,False,False
AmsterTime,986,0.57377028465271,0.8560507297515869,0.7334405779838562,0.2665594220161438,False,False,False,True
AmsterTime,987,0.9200435280799866,0.8472762107849121,0.2959946393966675,0.7040053606033325,False,False,True,False
AmsterTime,988,0.7794359922409058,0.9353046417236328,0.805550217628479,0.194449782371521,False,False,False,False
AmsterTime,989,0.7867841720581055,0.9673600196838379,0.8597176671028137,0.14028233289718628,False,False,False,False
AmsterTime,990,0.6333333253860474,0.8293867111206055,0.5092138648033142,0.4907861351966858,False,False,True,True
AmsterTime,991,0.7373772859573364,0.845024049282074,0.4632906913757324,0.5367093086242676,False,False,True,False
AmsterTime,992,0.6179927587509155,0.873638391494751,0.7574180960655212,0.24258190393447876,False,False,False,True
AmsterTime,993,0.497873991727829,0.9208793044090271,0.9411470890045166,0.0588529109954834,True,True,False,True
AmsterTime,994,0.7992590665817261,0.857869029045105,0.4642718434333801,0.5357281565666199,False,False,False,True
AmsterTime,995,0.780266284942627,0.8968780040740967,0.6817402243614197,0.3182597756385803,False,False,False,False
AmsterTime,996,0.8356300592422485,0.8851736783981323,0.5714079737663269,0.4285920262336731,False,False,False,False
AmsterTime,997,0.6121813058853149,0.9108437895774841,0.8700563311576843,0.12994366884231567,False,False,False,True
AmsterTime,998,0.717373251914978,0.9241174459457397,0.8248181939125061,0.1751818060874939,False,False,False,False
AmsterTime,999,0.5313425064086914,0.8084096312522888,0.5332959294319153,0.4667040705680847,False,False,True,True
AmsterTime,1000,0.5999565124511719,0.8446497321128845,0.6440743207931519,0.35592567920684814,False,False,True,True
AmsterTime,1001,0.905220627784729,0.8796985745429993,0.4760326147079468,0.5239673852920532,False,False,False,True
AmsterTime,1002,0.598818302154541,0.9129416346549988,0.8825294375419617,0.11747056245803833,False,False,False,True
AmsterTime,1003,0.8193705677986145,0.929720938205719,0.7610153555870056,0.23898464441299438,False,False,False,False
AmsterTime,1004,0.6033456325531006,0.9755558967590332,0.9463409781455994,0.053659021854400635,False,True,False,False
AmsterTime,1005,0.9165337085723877,0.9025694131851196,0.5780717134475708,0.4219282865524292,False,False,False,True
AmsterTime,1006,0.6947823166847229,0.8804384469985962,0.7018906474113464,0.29810935258865356,False,False,False,False
AmsterTime,1007,0.8168759346008301,0.8918337821960449,0.6225506663322449,0.3774493336677551,False,False,False,False
AmsterTime,1008,0.7614147663116455,0.8990632891654968,0.7092569470405579,0.29074305295944214,False,False,False,False
AmsterTime,1009,0.8529824018478394,0.8487998247146606,0.3592897355556488,0.6407102346420288,False,False,True,False
AmsterTime,1010,0.8168759346008301,0.9351392388343811,0.7775819301605225,0.22241806983947754,False,False,False,True
AmsterTime,1011,0.7614147663116455,0.9170421361923218,0.7711226344108582,0.22887736558914185,False,False,False,False
AmsterTime,1012,0.9002113342285156,0.9207834005355835,0.666743814945221,0.33325618505477905,False,False,False,False
AmsterTime,1013,0.8343285322189331,0.9300590753555298,0.7502890229225159,0.24971097707748413,False,False,False,False
AmsterTime,1014,0.7707489728927612,0.9255943298339844,0.787773072719574,0.21222692728042603,False,False,False,False
AmsterTime,1015,0.6713709831237793,0.861891508102417,0.6414978504180908,0.3585021495819092,False,False,False,False
AmsterTime,1016,0.8974573612213135,0.8866425156593323,0.5187225937843323,0.4812774062156677,False,False,False,False
AmsterTime,1017,0.42333728075027466,0.8810462951660156,0.9248605370521545,0.07513946294784546,True,True,False,False
AmsterTime,1018,0.8179242610931396,0.8863043189048767,0.5952056050300598,0.4047943949699402,False,False,False,True
AmsterTime,1019,0.831302285194397,0.9334717988967896,0.7622624635696411,0.2377375364303589,False,False,False,False
AmsterTime,1020,0.856562614440918,0.9126059412956238,0.672950029373169,0.32704997062683105,False,False,False,False
AmsterTime,1021,0.8179242610931396,0.8553165197372437,0.42976582050323486,0.5702341794967651,False,False,False,False
AmsterTime,1022,0.6242638826370239,0.8952000737190247,0.823756217956543,0.17624378204345703,False,False,False,True
AmsterTime,1023,0.882422924041748,0.8494176864624023,0.3364171087741852,0.6635829210281372,False,False,False,False
AmsterTime,1024,0.732630729675293,0.9130392074584961,0.783511221408844,0.216488778591156,False,False,False,False
AmsterTime,1025,0.856562614440918,0.9250040650367737,0.71696537733078,0.28303462266921997,False,False,False,False
AmsterTime,1026,0.7326306700706482,0.9045537710189819,0.7566719055175781,0.24332809448242188,False,False,False,False
AmsterTime,1027,0.7326306700706482,0.8763220310211182,0.6400712132453918,0.35992878675460815,False,False,False,False
AmsterTime,1028,0.856562614440918,0.9292126893997192,0.73029625415802,0.26970374584198,False,False,False,False
AmsterTime,1029,0.842424750328064,0.9305853843688965,0.7455016374588013,0.25449836254119873,False,False,False,False
AmsterTime,1030,0.8288917541503906,0.902184247970581,0.6563992500305176,0.3436007499694824,False,False,False,False
AmsterTime,1031,0.8229454755783081,0.8919387459754944,0.6168994307518005,0.38310056924819946,False,False,False,False
AmsterTime,1032,0.6971089839935303,0.8854647874832153,0.7205752730369568,0.2794247269630432,False,False,False,False
AmsterTime,1033,0.728685736656189,0.9422954320907593,0.8541831970214844,0.14581680297851562,False,False,False,False
AmsterTime,1034,0.8728328347206116,0.9430750608444214,0.7572979927062988,0.24270200729370117,False,False,False,False
AmsterTime,1035,0.6213945150375366,0.8939379453659058,0.8225980997085571,0.17740190029144287,False,False,False,True
AmsterTime,1036,0.6971089839935303,0.8758476376533508,0.6786848306655884,0.3213151693344116,False,False,False,True
AmsterTime,1037,0.3677176237106323,0.8903418779373169,0.9555668234825134,0.04443317651748657,True,True,False,True
AmsterTime,1038,0.7950294613838196,0.8869718313217163,0.6223981380462646,0.37760186195373535,False,False,False,False
AmsterTime,1039,0.7506107091903687,0.9555773735046387,0.8628027439117432,0.13719725608825684,False,False,False,False
AmsterTime,1040,0.8551962375640869,0.9604973196983337,0.8080596327781677,0.19194036722183228,False,False,False,False
AmsterTime,1041,0.8920415639877319,0.9337242841720581,0.7167630195617676,0.2832369804382324,False,False,False,True
AmsterTime,1042,0.709071159362793,0.8738731145858765,0.655509889125824,0.344490110874176,False,False,False,True
AmsterTime,1043,0.9104105234146118,0.9331181049346924,0.7010178565979004,0.2989821434020996,False,False,False,False
AmsterTime,1044,0.8358353972434998,0.9490975737571716,0.7973024249076843,0.20269757509231567,False,False,False,False
AmsterTime,1045,0.7888743877410889,0.9355583786964417,0.7992968559265137,0.20070314407348633,False,False,False,False
AmsterTime,1046,0.807186484336853,0.9202659130096436,0.742534339427948,0.257465660572052,False,False,False,False
AmsterTime,1047,0.7932156324386597,0.9219450950622559,0.7593441009521484,0.24065589904785156,False,False,False,False
AmsterTime,1048,0.6399919986724854,0.9188317060470581,0.8675295114517212,0.1324704885482788,False,False,False,False
AmsterTime,1049,0.8288917541503906,0.9241266846656799,0.7367196679115295,0.26328033208847046,False,False,False,True
AmsterTime,1050,0.807186484336853,0.9012668132781982,0.6734098792076111,0.3265901207923889,False,False,False,False
AmsterTime,1051,0.807186484336853,0.8933525085449219,0.639306902885437,0.360693097114563,False,False,False,True
AmsterTime,1052,0.7932156324386597,0.9360626339912415,0.7973423600196838,0.20265763998031616,False,False,False,False
AmsterTime,1053,0.7897961139678955,0.9431867599487305,0.8158223628997803,0.18417763710021973,False,False,False,True
AmsterTime,1054,0.6655315160751343,0.8631646633148193,0.6552296280860901,0.3447703719139099,False,False,False,False
AmsterTime,1055,0.643383800983429,0.8451989889144897,0.5879496335983276,0.41205036640167236,False,False,True,False
AmsterTime,1056,0.7803292274475098,0.9437206387519836,0.8233330249786377,0.1766669750213623,False,False,False,False
AmsterTime,1057,0.7575644254684448,0.8886791467666626,0.6699578762054443,0.33004212379455566,False,False,False,False
AmsterTime,1058,0.8244549036026001,0.9364370107650757,0.7752971053123474,0.2247028946876526,False,False,False,False
AmsterTime,1059,0.8009557723999023,0.8920081853866577,0.639582097530365,0.360417902469635,False,False,False,False
AmsterTime,1060,0.8013378381729126,0.90250563621521,0.6840763688087463,0.31592363119125366,False,False,False,False
AmsterTime,1061,0.8517082929611206,0.9356722235679626,0.7528992891311646,0.24710071086883545,False,False,False,False
AmsterTime,1062,0.869895339012146,0.8809909820556641,0.5159146785736084,0.4840853214263916,False,False,False,False
AmsterTime,1063,0.8655309081077576,0.9357832670211792,0.7428328990936279,0.25716710090637207,False,False,False,True
AmsterTime,1064,0.8553436994552612,0.9018522500991821,0.6300216913223267,0.36997830867767334,False,False,False,False
AmsterTime,1065,0.426922082901001,0.8670339584350586,0.899149477481842,0.10085052251815796,True,False,False,True
AmsterTime,1066,0.8219289779663086,0.9331384301185608,0.7684869766235352,0.23151302337646484,False,False,False,False
AmsterTime,1067,0.8038318157196045,0.8612854480743408,0.4783310294151306,0.5216689705848694,False,False,False,False
AmsterTime,1068,0.831571102142334,0.9178905487060547,0.7139564156532288,0.28604358434677124,False,False,False,False
AmsterTime,1069,0.8224878311157227,0.8565086126327515,0.4316042363643646,0.568395733833313,False,False,False,False
AmsterTime,1070,0.8900246620178223,0.8900526762008667,0.5425968766212463,0.45740312337875366,False,False,False,False
AmsterTime,1071,0.6871615648269653,0.9016587138175964,0.7884721755981445,0.21152782440185547,False,False,False,False
AmsterTime,1072,0.8813891410827637,0.866540789604187,0.42821598052978516,0.5717840194702148,False,False,False,False
AmsterTime,1073,0.6769336462020874,0.9057878255844116,0.8095015287399292,0.1904984712600708,False,False,False,False
AmsterTime,1074,0.6769336462020874,0.9275472164154053,0.8601831793785095,0.13981682062149048,False,False,False,False
AmsterTime,1075,0.8628715872764587,0.9023807048797607,0.6253210306167603,0.37467896938323975,False,False,False,False
AmsterTime,1076,0.6372149586677551,0.9357776045799255,0.8968878984451294,0.1031121015548706,False,False,False,False
AmsterTime,1077,0.6651483774185181,0.9202621579170227,0.8535842895507812,0.14641571044921875,False,False,False,False
AmsterTime,1078,0.9002113342285156,0.8887086510658264,0.5265564918518066,0.47344350814819336,False,False,False,False
AmsterTime,1079,0.6050271987915039,0.9059875011444092,0.8648574948310852,0.1351425051689148,False,False,False,True
AmsterTime,1080,0.7602770328521729,0.9476104974746704,0.8438240885734558,0.1561759114265442,False,False,False,False
AmsterTime,1081,0.8525043725967407,0.8098136186599731,0.18026067316532135,0.8197393417358398,False,False,True,True
AmsterTime,1082,0.5404757261276245,0.9341335892677307,0.9378418326377869,0.062158167362213135,False,True,False,True
AmsterTime,1083,0.7506107091903687,0.9369533061981201,0.8295291662216187,0.17047083377838135,False,False,False,True
AmsterTime,1084,0.8213305473327637,0.9400061368942261,0.7865030765533447,0.21349692344665527,False,False,False,False
AmsterTime,1085,0.879652738571167,0.8805314302444458,0.5041303634643555,0.49586963653564453,False,False,False,False
AmsterTime,1086,0.7434990406036377,0.9031906127929688,0.7418549656867981,0.2581450343132019,False,False,False,False
AmsterTime,1087,0.9087024927139282,0.9377286434173584,0.7164839506149292,0.2835160493850708,False,False,False,False
AmsterTime,1088,0.9283267259597778,0.9056244492530823,0.5817103385925293,0.4182896614074707,False,False,False,False
AmsterTime,1089,0.8910819292068481,0.944553017616272,0.748246967792511,0.251753032207489,False,False,False,False
AmsterTime,1090,0.8093740344047546,0.9102928042411804,0.7064961791038513,0.2935038208961487,False,False,False,False
AmsterTime,1091,0.48480433225631714,0.8837563991546631,0.8972061276435852,0.1027938723564148,True,False,False,True
AmsterTime,1092,0.8670393824577332,0.9365686178207397,0.7439277172088623,0.2560722827911377,False,False,False,False
AmsterTime,1093,0.8246284127235413,0.9457099437713623,0.7974535226821899,0.20254647731781006,False,False,False,False
AmsterTime,1094,0.8427708148956299,0.9463390111923218,0.7863878011703491,0.21361219882965088,False,False,False,False
AmsterTime,1095,0.8427708148956299,0.9264745116233826,0.7327992916107178,0.2672007083892822,False,False,False,False
AmsterTime,1096,0.7482633590698242,0.8417710065841675,0.4312250018119812,0.5687749981880188,False,False,True,True
AmsterTime,1097,0.7997355461120605,0.9323680400848389,0.7832879424095154,0.21671205759048462,False,False,False,True
AmsterTime,1098,0.9103641510009766,0.9026196002960205,0.5836519002914429,0.41634809970855713,False,False,False,False
AmsterTime,1099,0.8107777833938599,0.9380136728286743,0.7892865538597107,0.2107134461402893,False,False,False,True
AmsterTime,1100,0.5564224720001221,0.8959092497825623,0.8764179944992065,0.12358200550079346,False,False,False,True
AmsterTime,1101,0.5564224720001221,0.9058244228363037,0.895176887512207,0.10482311248779297,False,False,False,False
AmsterTime,1102,0.8789450526237488,0.9221419095993042,0.6890026926994324,0.3109973073005676,False,False,False,False
AmsterTime,1103,0.8700649738311768,0.9308832883834839,0.7248750925064087,0.2751249074935913,False,False,False,False
AmsterTime,1104,0.6204654574394226,0.8421899676322937,0.602458119392395,0.397541880607605,False,False,True,True
AmsterTime,1105,0.6677323579788208,0.9159071445465088,0.842302143573761,0.157697856426239,False,False,False,True
AmsterTime,1106,0.6611697673797607,0.9075320363044739,0.8269906640052795,0.17300933599472046,False,False,False,True
AmsterTime,1107,0.56038898229599,0.9350751042366028,0.9312224984169006,0.06877750158309937,False,True,False,True
AmsterTime,1108,0.8540210127830505,0.9432059526443481,0.771000325679779,0.22899967432022095,False,False,False,False
AmsterTime,1109,0.79166179895401,0.9669287800788879,0.8564053773880005,0.1435946226119995,False,False,False,False
AmsterTime,1110,0.8611465096473694,0.9431219100952148,0.7657293677330017,0.2342706322669983,False,False,False,False
AmsterTime,1111,0.5069706439971924,0.8457329273223877,0.7663918137550354,0.2336081862449646,True,False,True,True
AmsterTime,1112,0.8475372791290283,0.8587466478347778,0.4184361398220062,0.5815638303756714,False,False,False,False
AmsterTime,1113,0.8458676338195801,0.9105596542358398,0.6745441555976868,0.32545584440231323,False,False,False,False
AmsterTime,1114,0.826114296913147,0.9606055021286011,0.8261725902557373,0.1738274097442627,False,False,False,True
AmsterTime,1115,0.645058274269104,0.9375990629196167,0.8952713012695312,0.10472869873046875,False,False,False,True
AmsterTime,1116,0.4653424024581909,0.9241398572921753,0.9540932774543762,0.04590672254562378,True,True,False,True
AmsterTime,1117,0.36770302057266235,0.8175600171089172,0.8057394027709961,0.1942605972290039,True,False,True,True
AmsterTime,1118,0.8069530725479126,0.8883551359176636,0.6164588928222656,0.3835411071777344,False,False,False,False
AmsterTime,1119,0.9341332316398621,0.8427366018295288,0.2647666335105896,0.7352333664894104,False,False,True,False
AmsterTime,1120,0.7748738527297974,0.93134605884552,0.7993960380554199,0.20060396194458008,False,False,False,False
AmsterTime,1121,0.7467136383056641,0.9318915605545044,0.8212975859642029,0.17870241403579712,False,False,False,False
AmsterTime,1122,0.3206353783607483,0.8841696977615356,0.9630700349807739,0.036929965019226074,True,True,False,True
AmsterTime,1123,0.6514409184455872,0.917837381362915,0.8579362034797668,0.14206379652023315,False,False,False,True
AmsterTime,1124,0.6972575187683105,0.8944252729415894,0.7548322677612305,0.24516773223876953,False,False,False,True
AmsterTime,1125,0.7686573266983032,0.9256570339202881,0.7895777225494385,0.21042227745056152,False,False,False,False
AmsterTime,1126,0.934667706489563,0.928011417388916,0.6656016707420349,0.3343983292579651,False,False,False,False
AmsterTime,1127,0.8162297606468201,0.8697788119316101,0.5115269422531128,0.4884730577468872,False,False,False,False
AmsterTime,1128,0.519594669342041,0.9320500493049622,0.9433479309082031,0.056652069091796875,False,True,False,True
AmsterTime,1129,0.7915924787521362,0.8485997915267944,0.4204823672771454,0.5795176029205322,False,False,True,False
AmsterTime,1130,0.8411775827407837,0.9016793966293335,0.6425979733467102,0.3574020266532898,False,False,False,False
AmsterTime,1131,0.8750407695770264,0.9124283790588379,0.656089186668396,0.343910813331604,False,False,False,False
AmsterTime,1132,0.5712798237800598,0.8909039497375488,0.854562520980835,0.14543747901916504,False,False,False,True
AmsterTime,1133,0.4289228320121765,0.9110735654830933,0.9548170566558838,0.04518294334411621,True,True,False,True
AmsterTime,1134,0.7969627380371094,0.8656913042068481,0.5103836059570312,0.48961639404296875,False,False,False,False
AmsterTime,1135,0.9594796895980835,0.8664849996566772,0.3624042570590973,0.6375957727432251,False,False,False,False
AmsterTime,1136,0.7157412767410278,0.8331127166748047,0.4206637740135193,0.5793362259864807,False,False,True,False
AmsterTime,1137,0.7643298506736755,0.8913732767105103,0.6746411323547363,0.32535886764526367,False,False,False,False
AmsterTime,1138,0.5468969345092773,0.9116806983947754,0.9095373153686523,0.09046268463134766,False,False,False,True
AmsterTime,1139,0.5468969345092773,0.9449753761291504,0.9443376064300537,0.05566239356994629,False,True,False,False
AmsterTime,1140,0.8002705574035645,0.8930062055587769,0.6447799205780029,0.35522007942199707,False,False,False,False
AmsterTime,1141,0.7347341179847717,0.9200315475463867,0.8013564944267273,0.1986435055732727,False,False,False,False
AmsterTime,1142,0.9025366902351379,0.9039260149002075,0.5963386297225952,0.4036613702774048,False,False,False,False
AmsterTime,1143,0.7670719623565674,0.9046647548675537,0.7249881029129028,0.27501189708709717,False,False,False,True
AmsterTime,1144,0.6262109279632568,0.9287508726119995,0.892699122428894,0.10730087757110596,False,False,False,True
AmsterTime,1145,0.6262109279632568,0.9043146371841431,0.8458871841430664,0.1541128158569336,False,False,False,False
AmsterTime,1146,0.867141842842102,0.9647422432899475,0.8087112307548523,0.1912887692451477,False,False,False,False
AmsterTime,1147,0.7513400316238403,0.9014052152633667,0.7279451489448547,0.27205485105514526,False,False,False,False
AmsterTime,1148,0.9034954309463501,0.9065303206443787,0.6069066524505615,0.3930933475494385,False,False,False,False
AmsterTime,1149,0.8035191297531128,0.9164739847183228,0.7333292365074158,0.26667076349258423,False,False,False,True
AmsterTime,1150,0.7488645315170288,0.8976279497146606,0.7160398960113525,0.28396010398864746,False,False,False,False
AmsterTime,1151,0.7748092412948608,0.9279341697692871,0.7907972931861877,0.20920270681381226,False,False,False,False
AmsterTime,1152,0.6982994079589844,0.9496961236000061,0.8834964632987976,0.11650353670120239,False,False,False,False
AmsterTime,1153,0.6612728834152222,0.8911783695220947,0.7781393527984619,0.22186064720153809,False,False,False,True
AmsterTime,1154,0.8038318157196045,0.8584749102592468,0.46262186765670776,0.5373781323432922,False,False,False,False
AmsterTime,1155,0.7997355461120605,0.9123609662055969,0.7225987315177917,0.27740126848220825,False,False,False,True
AmsterTime,1156,0.41023704409599304,0.8229244947433472,0.7808398604393005,0.21916013956069946,True,False,True,True
AmsterTime,1157,0.5313425064086914,0.7154248952865601,0.09673529118299484,0.9032647013664246,False,False,True,False
AmsterTime,1158,0.598818302154541,0.9265172481536865,0.9040316939353943,0.09596830606460571,False,False,False,False
AmsterTime,1159,0.6514409184455872,0.910219669342041,0.841102123260498,0.15889787673950195,False,False,False,False
AmsterTime,1160,0.9081842303276062,0.8875743746757507,0.513653039932251,0.486346960067749,False,False,False,False
AmsterTime,1161,0.5442869663238525,0.9199480414390564,0.9216873049736023,0.0783126950263977,False,True,False,True
AmsterTime,1162,0.6010534167289734,0.8151768445968628,0.4694276750087738,0.5305722951889038,False,False,True,True
AmsterTime,1163,0.8889740705490112,0.888085126876831,0.5338156223297119,0.4661843776702881,False,False,False,True
AmsterTime,1164,0.5105146169662476,0.8660127520561218,0.8356000185012817,0.16439998149871826,True,False,False,True
AmsterTime,1165,0.37463968992233276,0.841964840888977,0.8769295811653137,0.12307041883468628,True,False,True,True
AmsterTime,1166,0.8825628757476807,0.9341245889663696,0.7251469492912292,0.27485305070877075,False,False,False,False
AmsterTime,1167,0.864478349685669,0.86748206615448,0.44940873980522156,0.550591230392456,False,False,False,False
AmsterTime,1168,0.7733392715454102,0.9587186574935913,0.8545058965682983,0.14549410343170166,False,False,False,True
AmsterTime,1169,0.7218725681304932,0.8886339664459229,0.7074897289276123,0.2925102710723877,False,False,False,True
AmsterTime,1170,0.7595647573471069,0.8354706764221191,0.3820979595184326,0.6179020404815674,False,False,True,True
AmsterTime,1171,0.5459177494049072,0.9142040014266968,0.9135680198669434,0.08643198013305664,False,True,False,True
AmsterTime,1172,0.8439903855323792,0.9219042658805847,0.7170719504356384,0.2829280495643616,False,False,False,False
AmsterTime,1173,0.813157320022583,0.7778866291046143,0.1042015329003334,0.8957984447479248,False,False,True,True
AmsterTime,1174,0.8583314418792725,0.9221997261047363,0.7061748504638672,0.2938251495361328,False,False,False,False
AmsterTime,1175,0.6730536222457886,0.9579085111618042,0.9061552882194519,0.0938447117805481,False,False,False,True
AmsterTime,1176,0.3576188087463379,0.9417173862457275,0.9822379350662231,0.017762064933776855,True,True,False,True
AmsterTime,1177,0.6523809432983398,0.8784365653991699,0.7397528290748596,0.2602471709251404,False,False,False,True
AmsterTime,1178,0.9389011859893799,0.9008276462554932,0.5510615706443787,0.44893842935562134,False,False,False,False
AmsterTime,1179,0.8522933125495911,0.8879120349884033,0.5682292580604553,0.4317707419395447,False,False,False,False
AmsterTime,1180,0.7387751936912537,0.8949611186981201,0.7156742215156555,0.2843257784843445,False,False,False,False
AmsterTime,1181,0.6970248222351074,0.945026159286499,0.8774951696395874,0.1225048303604126,False,False,False,True
AmsterTime,1182,0.8704270124435425,0.9570571780204773,0.7915475964546204,0.20845240354537964,False,False,False,False
AmsterTime,1183,0.7125384211540222,0.9165210127830505,0.8096946477890015,0.19030535221099854,False,False,False,False
AmsterTime,1184,0.6936261653900146,0.9116331934928894,0.8118566870689392,0.1881433129310608,False,False,False,False
AmsterTime,1185,0.774350643157959,0.8662623167037964,0.5392678380012512,0.4607321619987488,False,False,False,True
AmsterTime,1186,0.6877431273460388,0.9186949729919434,0.8340532779693604,0.16594672203063965,False,False,False,True
AmsterTime,1187,0.8811829686164856,0.9468013048171997,0.7609094381332397,0.23909056186676025,False,False,False,False
AmsterTime,1188,0.8434134721755981,0.8849238157272339,0.5622603297233582,0.43773967027664185,False,False,False,False
AmsterTime,1189,0.4599562883377075,0.9523171186447144,0.970150887966156,0.029849112033843994,True,True,False,True
AmsterTime,1190,0.38860321044921875,0.9137816429138184,0.9665888547897339,0.03341114521026611,True,True,False,True
AmsterTime,1191,0.8416526317596436,0.9124011993408203,0.6853514313697815,0.3146485686302185,False,False,False,False
AmsterTime,1192,0.7985100746154785,0.8609950542449951,0.4826127588748932,0.5173872709274292,False,False,False,False
AmsterTime,1193,0.8456094861030579,0.9632971286773682,0.8191248178482056,0.18087518215179443,False,False,False,False
AmsterTime,1194,0.8613249063491821,0.878576934337616,0.5117579102516174,0.48824208974838257,False,False,False,False
AmsterTime,1195,0.49816447496414185,0.893086850643158,0.9061943888664246,0.09380561113357544,True,False,False,True
AmsterTime,1196,0.755468487739563,0.9228730201721191,0.7925149202346802,0.20748507976531982,False,False,False,True
AmsterTime,1197,0.9536932110786438,0.8845184445381165,0.4591526687145233,0.5408473014831543,False,False,False,False
AmsterTime,1198,0.8606254458427429,0.9387264847755432,0.7546263933181763,0.24537360668182373,False,False,False,False
AmsterTime,1199,0.6989635229110718,0.9180796146392822,0.8241841197013855,0.1758158802986145,False,False,False,True
AmsterTime,1200,0.5505052804946899,0.8536550998687744,0.7501311898231506,0.24986881017684937,False,False,False,True
AmsterTime,1201,0.4538896083831787,0.9288727045059204,0.9602173566818237,0.03978264331817627,True,True,False,True
AmsterTime,1202,0.8644981384277344,0.8650950193405151,0.4364522099494934,0.5635477900505066,False,False,False,False
AmsterTime,1203,0.577546238899231,0.8694607019424438,0.7837107181549072,0.21628928184509277,False,False,False,True
AmsterTime,1204,0.6934792995452881,0.8591017723083496,0.5988710522651672,0.40112894773483276,False,False,False,False
AmsterTime,1205,0.5105604529380798,0.8888055086135864,0.8913708925247192,0.10862910747528076,False,False,False,True
AmsterTime,1206,0.8474696278572083,0.8753331899642944,0.5085672736167908,0.49143272638320923,False,False,False,False
AmsterTime,1207,0.6893196105957031,0.9259653091430664,0.8488086462020874,0.1511913537979126,False,False,False,False
AmsterTime,1208,0.8842589855194092,0.8884372115135193,0.5399832725524902,0.46001672744750977,False,False,False,False
AmsterTime,1209,0.8561176061630249,0.9283651113510132,0.7280277013778687,0.27197229862213135,False,False,False,False
AmsterTime,1210,0.7443098425865173,0.9157760143280029,0.7817222476005554,0.21827775239944458,False,False,False,False
AmsterTime,1211,0.8014628887176514,0.8875484466552734,0.6183649897575378,0.38163501024246216,False,False,False,False
AmsterTime,1212,0.7063549757003784,0.898493230342865,0.7604497671127319,0.23955023288726807,False,False,False,True
AmsterTime,1213,0.5686328411102295,0.9501781463623047,0.9409891963005066,0.05901080369949341,False,True,False,True
AmsterTime,1214,0.8490308523178101,0.9526740312576294,0.7962149977684021,0.2037850022315979,False,False,False,False
AmsterTime,1215,0.7611727714538574,0.9281249046325684,0.8017036318778992,0.19829636812210083,False,False,False,True
AmsterTime,1216,0.8113266229629517,0.92813640832901,0.7628357410430908,0.23716425895690918,False,False,False,False
AmsterTime,1217,0.6440937519073486,0.9613764882087708,0.922072172164917,0.07792782783508301,False,True,False,True
AmsterTime,1218,0.7286462187767029,0.8712411522865295,0.6194205284118652,0.38057947158813477,False,False,False,True
AmsterTime,1219,0.7200831174850464,0.8953125476837158,0.7356826663017273,0.2643173336982727,False,False,False,True
AmsterTime,1220,0.8411980271339417,0.8631170392036438,0.4488042891025543,0.5511957406997681,False,False,False,True
AmsterTime,1221,0.8061095476150513,0.9156416654586792,0.7282842993736267,0.2717157006263733,False,False,False,False
AmsterTime,1222,0.8306624889373779,0.9369591474533081,0.7720513939857483,0.2279486060142517,False,False,False,False
AmsterTime,1223,0.778061032295227,0.9241137504577637,0.77793288230896,0.22206711769104004,False,False,False,True
AmsterTime,1224,0.8613251447677612,0.8475461006164551,0.3450574576854706,0.654942512512207,False,False,True,False
AmsterTime,1225,0.8462551832199097,0.8962771892547607,0.6138469576835632,0.38615304231643677,False,False,False,False
AmsterTime,1226,0.7734519243240356,0.8680729866027832,0.5501403212547302,0.4498596787452698,False,False,False,False
AmsterTime,1227,0.8769835829734802,0.9406802654266357,0.7479773759841919,0.2520226240158081,False,False,False,False
AmsterTime,1228,0.5326862335205078,0.8890260457992554,0.8776611685752869,0.12233883142471313,False,False,False,True
AmsterTime,1229,0.836027979850769,0.9081506133079529,0.6740239262580872,0.32597607374191284,False,False,False,False
AmsterTime,1230,0.8055310249328613,0.923739492893219,0.7546323537826538,0.2453676462173462,False,False,False,False
MSLS-val held-out,0,0.47441673278808594,0.9269726276397705,0.9322516322135925,0.06774836778640747,True,True,False,True
MSLS-val held-out,1,0.8487503528594971,0.921938419342041,0.6562741994857788,0.3437258005142212,False,False,False,True
MSLS-val held-out,2,0.6721432209014893,0.9309669733047485,0.8314400315284729,0.1685599684715271,False,False,False,True
MSLS-val held-out,3,0.836235761642456,0.9071474075317383,0.5974786281585693,0.40252137184143066,False,False,False,False
MSLS-val held-out,4,0.7978637218475342,0.8924033641815186,0.5559748411178589,0.4440251588821411,False,False,False,True
MSLS-val held-out,5,0.8027142286300659,0.9155385494232178,0.6686801314353943,0.3313198685646057,False,False,False,True
MSLS-val held-out,6,0.821691632270813,0.9374668598175049,0.7382086515426636,0.2617913484573364,False,False,False,True
MSLS-val held-out,7,0.62386554479599,0.9191285371780396,0.8349918127059937,0.16500818729400635,False,False,False,True
MSLS-val held-out,8,0.9129610061645508,0.9375160932540894,0.6689608693122864,0.3310391306877136,False,False,False,False
MSLS-val held-out,9,0.5802099108695984,0.9374295473098755,0.9000679850578308,0.09993201494216919,False,False,False,True
MSLS-val held-out,10,0.6409698724746704,0.9060176610946655,0.7794497609138489,0.22055023908615112,False,False,False,True
MSLS-val held-out,11,0.9435904026031494,0.9086592197418213,0.5125635266304016,0.4874364733695984,False,False,False,False
MSLS-val held-out,12,0.8715919256210327,0.8795394897460938,0.41035544872283936,0.5896445512771606,False,False,False,True
MSLS-val held-out,13,0.9127709865570068,0.9517910480499268,0.7188022136688232,0.28119778633117676,False,False,False,False
MSLS-val held-out,14,0.5423616170883179,0.8974450826644897,0.8343912959098816,0.1656087040901184,False,False,False,True
MSLS-val held-out,15,0.46370333433151245,0.919260561466217,0.9267725944519043,0.0732274055480957,True,True,False,True
MSLS-val held-out,16,0.7084449529647827,0.9218736290931702,0.7767969369888306,0.22320306301116943,False,False,False,True
MSLS-val held-out,17,0.5311123728752136,0.9384332895278931,0.9237014651298523,0.0762985348701477,False,True,False,True
MSLS-val held-out,18,0.8374915719032288,0.932502031326294,0.708271861076355,0.291728138923645,False,False,False,True
MSLS-val held-out,19,0.6813845634460449,0.9017438888549805,0.724035382270813,0.275964617729187,False,False,False,True
MSLS-val held-out,20,0.7583352327346802,0.9343695640563965,0.7771046161651611,0.22289538383483887,False,False,False,True
MSLS-val held-out,21,0.48027873039245605,0.9213146567344666,0.9226488471031189,0.0773511528968811,True,True,False,True
MSLS-val held-out,22,0.949203610420227,0.8837336301803589,0.3718405067920685,0.6281595230102539,False,False,False,False
MSLS-val held-out,23,0.860402524471283,0.9073373079299927,0.576248049736023,0.42375195026397705,False,False,False,False
MSLS-val held-out,24,0.9121588468551636,0.9260779619216919,0.6223242282867432,0.37767577171325684,False,False,False,False
MSLS-val held-out,25,0.9294742345809937,0.9066616296768188,0.5133218169212341,0.48667818307876587,False,False,False,False
MSLS-val held-out,26,0.8619732856750488,0.9514906406402588,0.7526399493217468,0.24736005067825317,False,False,False,True
MSLS-val held-out,27,0.8413996696472168,0.9545859098434448,0.7751783728599548,0.22482162714004517,False,False,False,True
MSLS-val held-out,28,0.618761420249939,0.8869681358337402,0.7220206260681152,0.27797937393188477,False,False,False,True
MSLS-val held-out,29,0.6095203161239624,0.8967458605766296,0.7733392119407654,0.22666078805923462,False,False,False,True
MSLS-val held-out,30,0.772209644317627,0.9057403802871704,0.6520121097564697,0.3479878902435303,False,False,False,False
MSLS-val held-out,31,0.7572987079620361,0.9784872531890869,0.8716039657592773,0.12839603424072266,False,False,False,True
MSLS-val held-out,32,0.7300116419792175,0.8571672439575195,0.4176626205444336,0.5823373794555664,False,False,True,True
MSLS-val held-out,33,0.8236100673675537,0.8997535705566406,0.5707492232322693,0.4292507767677307,False,False,False,True
MSLS-val held-out,34,0.6609890460968018,0.9318995475769043,0.8414713740348816,0.1585286259651184,False,False,False,True
MSLS-val held-out,35,0.8039348125457764,0.9451645612716675,0.775239884853363,0.22476011514663696,False,False,False,False
MSLS-val held-out,36,0.533236026763916,0.9239951372146606,0.9019785523414612,0.09802144765853882,False,False,False,True
MSLS-val held-out,37,0.7242415547370911,0.9199803471565247,0.7568551898002625,0.24314481019973755,False,False,False,True
MSLS-val held-out,38,0.9062389135360718,0.9245834350585938,0.6203760504722595,0.3796239495277405,False,False,False,False
MSLS-val held-out,39,0.7978256940841675,0.9502592086791992,0.7933151125907898,0.2066848874092102,False,False,False,True
MSLS-val held-out,40,0.5443960428237915,0.8997161388397217,0.8396546244621277,0.16034537553787231,False,False,False,True
MSLS-val held-out,41,0.8962686061859131,0.9360778331756592,0.6759606599807739,0.3240393400192261,False,False,False,False
MSLS-val held-out,42,0.8354253768920898,0.9106065034866333,0.6155235767364502,0.3844764232635498,False,False,False,True
MSLS-val held-out,43,0.7958795428276062,0.9339911937713623,0.7466304302215576,0.2533695697784424,False,False,False,True
MSLS-val held-out,44,0.8097058534622192,0.9477840662002563,0.7785021066665649,0.22149789333343506,False,False,False,True
MSLS-val held-out,45,0.4665215015411377,0.8868548274040222,0.8607807755470276,0.1392192244529724,True,False,False,True
MSLS-val held-out,46,0.8865751624107361,0.875145673751831,0.37235140800476074,0.6276485919952393,False,False,False,True
MSLS-val held-out,47,0.49201321601867676,0.9289323091506958,0.9277962446212769,0.07220375537872314,True,True,False,True
MSLS-val held-out,48,0.7671959400177002,0.8939509391784668,0.5964317321777344,0.4035682678222656,False,False,False,True
MSLS-val held-out,49,0.8796029090881348,0.9619234800338745,0.7692900896072388,0.23070991039276123,False,False,False,True
MSLS-val held-out,50,0.8687869310379028,0.9484918117523193,0.7389504313468933,0.2610495686531067,False,False,False,True
MSLS-val held-out,51,0.8285609483718872,0.9411208629608154,0.7449805736541748,0.2550194263458252,False,False,False,True
MSLS-val held-out,52,0.9667896032333374,0.9389739632606506,0.6358520984649658,0.3641479015350342,False,False,False,True
MSLS-val held-out,53,0.8772332668304443,0.9239915013313293,0.6413305401802063,0.3586694598197937,False,False,False,False
MSLS-val held-out,54,0.6038608551025391,0.922075629234314,0.8564943671226501,0.14350563287734985,False,False,False,True
MSLS-val held-out,55,0.7392172813415527,0.9109527468681335,0.7077224254608154,0.29227757453918457,False,False,False,True
MSLS-val held-out,56,0.8678523302078247,0.8261487483978271,0.1522752344608307,0.8477247953414917,False,False,True,True
MSLS-val held-out,57,0.8726592063903809,0.9041401147842407,0.5484300255775452,0.45156997442245483,False,False,False,False
MSLS-val held-out,58,0.5974985957145691,0.8728105425834656,0.675000786781311,0.32499921321868896,False,False,False,True
MSLS-val held-out,59,0.7725478410720825,0.9163475036621094,0.699706494808197,0.300293505191803,False,False,False,True
MSLS-val held-out,60,0.5189669728279114,0.9526873230934143,0.9424945712089539,0.05750542879104614,False,True,False,True
MSLS-val held-out,61,0.6496936082839966,0.8971298336982727,0.7356541752815247,0.26434582471847534,False,False,False,True
MSLS-val held-out,62,0.5597227215766907,0.9675238728523254,0.941468358039856,0.05853164196014404,False,True,False,True
MSLS-val held-out,63,0.5886867642402649,0.8757188320159912,0.7006009221076965,0.29939907789230347,False,False,False,True
MSLS-val held-out,64,0.8584656715393066,0.8837066292762756,0.4464079439640045,0.5535920858383179,False,False,False,True
MSLS-val held-out,65,0.9351098537445068,0.9332296252250671,0.6353765726089478,0.36462342739105225,False,False,False,True
MSLS-val held-out,66,0.8565999269485474,0.9223486185073853,0.6513885259628296,0.3486114740371704,False,False,False,True
MSLS-val held-out,67,0.6384251117706299,0.9114046096801758,0.8003906011581421,0.1996093988418579,False,False,False,True
MSLS-val held-out,68,0.9175724387168884,0.9087498784065247,0.5340506434440613,0.4659493565559387,False,False,False,True
MSLS-val held-out,69,0.7851963043212891,0.9736029505729675,0.8496672511100769,0.1503327488899231,False,False,False,True
MSLS-val held-out,70,0.7941597700119019,0.9544121026992798,0.8060356378555298,0.19396436214447021,False,False,False,True
MSLS-val held-out,71,0.6072274446487427,0.8724987506866455,0.6615782380104065,0.3384217619895935,False,False,False,True
MSLS-val held-out,72,0.8779337406158447,0.9295597076416016,0.6643843054771423,0.33561569452285767,False,False,False,False
MSLS-val held-out,73,0.6418061852455139,0.9216184020042419,0.8285788297653198,0.17142117023468018,False,False,False,True
MSLS-val held-out,74,0.8120675086975098,0.9047266244888306,0.6080583930015564,0.3919416069984436,False,False,False,True
MSLS-val held-out,75,0.7322989702224731,0.9344817399978638,0.7971746325492859,0.2028253674507141,False,False,False,True
MSLS-val held-out,76,0.7862070798873901,0.942877471446991,0.7814841866493225,0.2185158133506775,False,False,False,True
MSLS-val held-out,77,0.8135495185852051,0.8976763486862183,0.5693609714508057,0.43063902854919434,False,False,False,True
MSLS-val held-out,78,0.9157564640045166,0.9574030637741089,0.7337426543235779,0.2662573456764221,False,False,False,False
MSLS-val held-out,79,0.8862388134002686,0.9513984322547913,0.7356896996498108,0.2643103003501892,False,False,False,True
MSLS-val held-out,80,0.7449167966842651,0.8869578838348389,0.5815723538398743,0.41842764616012573,False,False,False,True
MSLS-val held-out,81,0.8168479204177856,0.9405480623245239,0.7519158124923706,0.2480841875076294,False,False,False,True
MSLS-val held-out,82,0.921207070350647,0.8649862408638,0.29088446497917175,0.7091155052185059,False,False,True,False
MSLS-val held-out,83,0.7764805555343628,0.943145215511322,0.7892338037490845,0.21076619625091553,False,False,False,True
MSLS-val held-out,84,0.7012748718261719,0.898439884185791,0.6888126134872437,0.31118738651275635,False,False,False,True
MSLS-val held-out,85,0.7617412805557251,0.9431636333465576,0.7997674942016602,0.20023250579833984,False,False,False,True
MSLS-val held-out,86,0.8576047420501709,0.9689080715179443,0.7992421388626099,0.20075786113739014,False,False,False,True
MSLS-val held-out,87,0.8802039623260498,0.9608166217803955,0.7660733461380005,0.2339266538619995,False,False,False,True
MSLS-val held-out,88,0.7371189594268799,0.8710236549377441,0.4956330358982086,0.5043669939041138,False,False,True,True
MSLS-val held-out,89,0.888540506362915,0.9453050494194031,0.7147156596183777,0.2852843403816223,False,False,False,False
MSLS-val held-out,90,0.8665430545806885,0.9100674986839294,0.584683358669281,0.415316641330719,False,False,False,True
MSLS-val held-out,91,0.9118092060089111,0.9443947672843933,0.6949888467788696,0.30501115322113037,False,False,False,True
MSLS-val held-out,92,0.577593207359314,0.8461462259292603,0.5410962104797363,0.45890378952026367,False,False,True,True
MSLS-val held-out,93,0.9364265203475952,0.8891268968582153,0.4114348292350769,0.5885651707649231,False,False,False,False
MSLS-val held-out,94,0.4278627336025238,0.8943887948989868,0.9028543829917908,0.09714561700820923,True,True,False,True
MSLS-val held-out,95,0.8287977576255798,0.9203411340713501,0.66655433177948,0.33344566822052,False,False,False,True
MSLS-val held-out,96,0.6499447822570801,0.9128068089485168,0.7953820824623108,0.2046179175376892,False,False,False,True
MSLS-val held-out,97,0.7596911191940308,0.8957417011260986,0.6139498949050903,0.38605010509490967,False,False,False,True
MSLS-val held-out,98,0.8428845405578613,0.9008933305740356,0.5584313273429871,0.44156867265701294,False,False,False,True
MSLS-val held-out,99,0.6470034122467041,0.9346185922622681,0.856894314289093,0.14310568571090698,False,False,False,True
MSLS-val held-out,100,0.6007331609725952,0.9029000401496887,0.8038008809089661,0.19619911909103394,False,False,False,True
MSLS-val held-out,101,0.5363991260528564,0.8670525550842285,0.7174457311630249,0.2825542688369751,False,False,True,False
MSLS-val held-out,102,0.7893179655075073,0.935218334197998,0.7558274269104004,0.2441725730895996,False,False,False,True
MSLS-val held-out,103,0.7416400909423828,0.8979990482330322,0.6445865035057068,0.3554134964942932,False,False,False,True
MSLS-val held-out,104,0.6243486404418945,0.9117130041122437,0.8129605650901794,0.18703943490982056,False,False,False,True
MSLS-val held-out,105,0.647162139415741,0.937614381313324,0.8631123304367065,0.13688766956329346,False,False,False,True
MSLS-val held-out,106,0.7817742824554443,0.9326081275939941,0.7531434893608093,0.24685651063919067,False,False,False,True
MSLS-val held-out,107,0.8099157810211182,0.9100959300994873,0.6367557644844055,0.3632442355155945,False,False,False,True
MSLS-val held-out,108,0.7376548051834106,0.9797027111053467,0.8827681541442871,0.11723184585571289,False,False,False,True
MSLS-val held-out,109,0.6684576272964478,0.9435065984725952,0.862032413482666,0.13796758651733398,False,False,False,True
MSLS-val held-out,110,0.9043015241622925,0.951215922832489,0.7227627635002136,0.2772372364997864,False,False,False,True
MSLS-val held-out,111,0.8737500905990601,0.9427809715270996,0.7169651389122009,0.2830348610877991,False,False,False,True
MSLS-val held-out,112,0.8433233499526978,0.9316656589508057,0.7004600763320923,0.2995399236679077,False,False,False,False
MSLS-val held-out,113,0.7699000835418701,0.9019949436187744,0.6358208060264587,0.36417919397354126,False,False,False,True
MSLS-val held-out,114,0.7383697628974915,0.9078966975212097,0.6951673626899719,0.3048326373100281,False,False,False,True
MSLS-val held-out,115,0.8741828203201294,0.8880890607833862,0.45753568410873413,0.5424643158912659,False,False,False,True
MSLS-val held-out,116,0.6615148186683655,0.9529446363449097,0.8826913237571716,0.11730867624282837,False,False,False,True
MSLS-val held-out,117,0.841415524482727,0.889849066734314,0.4981047809123993,0.5018951892852783,False,False,False,False
MSLS-val held-out,118,0.88876873254776,0.9666409492492676,0.7752090096473694,0.22479099035263062,False,False,False,True
MSLS-val held-out,119,0.8471379280090332,0.8442291021347046,0.23853114247322083,0.7614688873291016,False,False,True,True
MSLS-val held-out,120,0.6956138610839844,0.9645192623138428,0.8826835751533508,0.11731642484664917,False,False,False,True
MSLS-val held-out,121,0.6753591299057007,0.9517393112182617,0.8732105493545532,0.12678945064544678,False,False,False,True
MSLS-val held-out,122,0.7823266983032227,0.8741322755813599,0.46473708748817444,0.535262942314148,False,False,False,True
MSLS-val held-out,123,0.9537780284881592,0.925681471824646,0.5885069370269775,0.41149306297302246,False,False,False,False
MSLS-val held-out,124,0.5774514675140381,0.8740395307540894,0.7050657272338867,0.2949342727661133,False,False,False,True
MSLS-val held-out,125,0.6383433938026428,0.848580002784729,0.4749334156513214,0.525066614151001,False,False,True,True
MSLS-val held-out,126,0.8175806999206543,0.9185097217559814,0.6684419512748718,0.3315580487251282,False,False,False,True
MSLS-val held-out,127,0.6821722984313965,0.9258848428726196,0.8102622628211975,0.1897377371788025,False,False,False,True
MSLS-val held-out,128,0.6650141477584839,0.927190899848938,0.8266788125038147,0.1733211874961853,False,False,False,True
MSLS-val held-out,129,0.9295543432235718,0.8948108553886414,0.44861969351768494,0.5513802766799927,False,False,False,False
MSLS-val held-out,130,0.9054140448570251,0.9148238897323608,0.5750339031219482,0.42496609687805176,False,False,False,False
MSLS-val held-out,131,0.6500083804130554,0.9255928993225098,0.8332812190055847,0.16671878099441528,False,False,False,True
MSLS-val held-out,132,0.8520870208740234,0.9780793190002441,0.820735514163971,0.17926448583602905,False,False,False,False
MSLS-val held-out,133,0.8264189958572388,0.9204899072647095,0.6692761182785034,0.3307238817214966,False,False,False,False
MSLS-val held-out,134,0.5500443577766418,0.9036843776702881,0.846813976764679,0.15318602323532104,False,False,False,True
MSLS-val held-out,135,0.6790052652359009,0.8989434838294983,0.7140202522277832,0.2859797477722168,False,False,False,True
MSLS-val held-out,136,0.8774362802505493,0.9416291117668152,0.7103147506713867,0.2896852493286133,False,False,False,True
MSLS-val held-out,137,0.6686378717422485,0.9301522970199585,0.831831693649292,0.168168306350708,False,False,False,True
MSLS-val held-out,138,0.7002033591270447,0.9573984742164612,0.8691228628158569,0.13087713718414307,False,False,False,True
MSLS-val held-out,139,0.7471619844436646,0.9215215444564819,0.7427366971969604,0.25726330280303955,False,False,False,True
MSLS-val held-out,140,0.6364432573318481,0.8778815269470215,0.6559840440750122,0.3440159559249878,False,False,False,False
MSLS-val held-out,141,0.6314849853515625,0.9205976128578186,0.8333929181098938,0.1666070818901062,False,False,False,True
MSLS-val held-out,142,0.6365993022918701,0.9379620552062988,0.8701706528663635,0.12982934713363647,False,False,False,True
MSLS-val held-out,143,0.882584810256958,0.9630589485168457,0.7702694535255432,0.2297305464744568,False,False,False,False
MSLS-val held-out,144,0.8815744519233704,0.8566302061080933,0.27554234862327576,0.7244576215744019,False,False,True,True
MSLS-val held-out,145,0.6498095393180847,0.9375120401382446,0.8612743020057678,0.13872569799423218,False,False,False,True
MSLS-val held-out,146,0.7520914077758789,0.8952620625495911,0.6194023489952087,0.38059765100479126,False,False,False,True
MSLS-val held-out,147,0.8372668623924255,0.8519096374511719,0.2842712998390198,0.7157287001609802,False,False,True,True
MSLS-val held-out,148,0.7026371359825134,0.9193126559257507,0.7729460597038269,0.2270539402961731,False,False,False,True
MSLS-val held-out,149,0.805594801902771,0.9012197256088257,0.5961951613426208,0.40380483865737915,False,False,False,True
MSLS-val held-out,150,0.8791917562484741,0.9528325796127319,0.7447705864906311,0.2552294135093689,False,False,False,True
MSLS-val held-out,151,0.7694582939147949,0.9601749181747437,0.8341554999351501,0.16584450006484985,False,False,False,False
MSLS-val held-out,152,0.7198019027709961,0.870081901550293,0.5099385380744934,0.4900614619255066,False,False,True,True
MSLS-val held-out,153,0.8728823661804199,0.8774408102035522,0.3970833718776703,0.6029165983200073,False,False,False,False
MSLS-val held-out,154,0.8474177122116089,0.8474072217941284,0.25371143221855164,0.746288537979126,False,False,True,True
MSLS-val held-out,155,0.8770085573196411,0.9238585829734802,0.6409323215484619,0.3590676784515381,False,False,False,True
MSLS-val held-out,156,0.8474215865135193,0.9202878475189209,0.6501437425613403,0.34985625743865967,False,False,False,True
MSLS-val held-out,157,0.8124208450317383,0.9320865869522095,0.7268497347831726,0.2731502652168274,False,False,False,True
MSLS-val held-out,158,0.8825897574424744,0.9212651252746582,0.6246930360794067,0.37530696392059326,False,False,False,True
MSLS-val held-out,159,0.6689531803131104,0.8779587745666504,0.6177430748939514,0.3822569251060486,False,False,False,True
MSLS-val held-out,160,0.3511684536933899,0.8219579458236694,0.7067316770553589,0.2932683229446411,True,False,True,True
MSLS-val held-out,161,0.5690816044807434,0.8978033065795898,0.8135879635810852,0.1864120364189148,False,False,False,True
MSLS-val held-out,162,0.73184734582901,0.8693113327026367,0.49113279581069946,0.5088672041893005,False,False,True,True
MSLS-val held-out,163,0.6418449878692627,0.8655588030815125,0.5779773592948914,0.42202264070510864,False,False,True,True
MSLS-val held-out,164,0.7881898880004883,0.9559096097946167,0.8133814334869385,0.18661856651306152,False,False,False,True
MSLS-val held-out,165,0.718413233757019,0.8285220861434937,0.26346153020858765,0.7365384697914124,False,False,True,True
MSLS-val held-out,166,0.9333971738815308,0.9058083891868591,0.5056190490722656,0.4943809509277344,False,False,False,True
MSLS-val held-out,167,0.8566263914108276,0.9475206136703491,0.7445694804191589,0.25543051958084106,False,False,False,True
MSLS-val held-out,168,0.788260817527771,0.9419082403182983,0.7772068381309509,0.22279316186904907,False,False,False,True
MSLS-val held-out,169,0.7950465679168701,0.9488728046417236,0.7916150689125061,0.2083849310874939,False,False,False,True
MSLS-val held-out,170,0.8536891937255859,0.905468225479126,0.572661280632019,0.42733871936798096,False,False,False,True
MSLS-val held-out,171,0.9204733371734619,0.9365350008010864,0.6595814824104309,0.3404185175895691,False,False,False,True
MSLS-val held-out,172,0.6380187273025513,0.9076250791549683,0.7878408432006836,0.2121591567993164,False,False,False,True
MSLS-val held-out,173,0.8600722551345825,0.9555913209915161,0.7654014229774475,0.2345985770225525,False,False,False,True
MSLS-val held-out,174,0.6013237833976746,0.9341217279434204,0.8832696080207825,0.11673039197921753,False,False,False,True
MSLS-val held-out,175,0.7100452184677124,0.9263190031051636,0.7898823618888855,0.2101176381111145,False,False,False,True
MSLS-val held-out,176,0.6430397033691406,0.9538865685462952,0.8935704231262207,0.1064295768737793,False,False,False,True
MSLS-val held-out,177,0.7999301552772522,0.9075870513916016,0.6340582370758057,0.36594176292419434,False,False,False,True
MSLS-val held-out,178,0.8403704166412354,0.9250178337097168,0.6764883399009705,0.32351166009902954,False,False,False,False
MSLS-val held-out,179,0.7638646364212036,0.9523067474365234,0.8208382725715637,0.17916172742843628,False,False,False,True
MSLS-val held-out,180,0.851170539855957,0.9287731647491455,0.6828311681747437,0.31716883182525635,False,False,False,False
MSLS-val held-out,181,0.6467596292495728,0.9356296062469482,0.8592209219932556,0.14077907800674438,False,False,False,True
MSLS-val held-out,182,0.7277264595031738,0.9074903726577759,0.703688383102417,0.296311616897583,False,False,False,True
MSLS-val held-out,183,0.7390782833099365,0.9158165454864502,0.72795170545578,0.27204829454421997,False,False,False,True
MSLS-val held-out,184,0.9202704429626465,0.9307839870452881,0.6363440155982971,0.3636559844017029,False,False,False,True
MSLS-val held-out,185,0.7150006890296936,0.8382920026779175,0.3202866315841675,0.6797133684158325,False,False,True,True
MSLS-val held-out,186,0.5175051093101501,0.9260380268096924,0.9128873348236084,0.0871126651763916,False,True,False,True
MSLS-val held-out,187,0.8384378552436829,0.8885084390640259,0.49323365092277527,0.5067663192749023,False,False,False,False
MSLS-val held-out,188,0.7936002612113953,0.901957631111145,0.6119097471237183,0.38809025287628174,False,False,False,True
MSLS-val held-out,189,0.6751459836959839,0.9318540096282959,0.83158278465271,0.16841721534729004,False,False,False,True
MSLS-val held-out,190,0.7931771874427795,0.9295398592948914,0.7333176136016846,0.26668238639831543,False,False,False,True
MSLS-val held-out,191,0.6533787250518799,0.9464616775512695,0.876263439655304,0.12373656034469604,False,False,False,True
MSLS-val held-out,192,0.7325965166091919,0.9024283289909363,0.675678551197052,0.324321448802948,False,False,False,True
MSLS-val held-out,193,0.6453481912612915,0.9305264949798584,0.8487408757209778,0.15125912427902222,False,False,False,True
MSLS-val held-out,194,0.740970253944397,0.908761739730835,0.6965016722679138,0.3034983277320862,False,False,False,True
MSLS-val held-out,195,0.7797826528549194,0.9218435883522034,0.7156591415405273,0.28434085845947266,False,False,False,True
MSLS-val held-out,196,0.6821311712265015,0.9699921607971191,0.8965269923210144,0.1034730076789856,False,False,False,True
MSLS-val held-out,197,0.9393521547317505,0.8884848356246948,0.40559160709381104,0.594408392906189,False,False,False,False
MSLS-val held-out,198,0.8028639554977417,0.9131869077682495,0.6578860282897949,0.3421139717102051,False,False,False,True
MSLS-val held-out,199,0.8012111186981201,0.9505224227905273,0.791690468788147,0.20830953121185303,False,False,False,True
MSLS-val held-out,200,0.7491226196289062,0.938700258731842,0.7966768741607666,0.2033231258392334,False,False,False,False
MSLS-val held-out,201,0.9338446855545044,0.9330655336380005,0.6356377601623535,0.3643622398376465,False,False,False,True
MSLS-val held-out,202,0.49536216259002686,0.9017502665519714,0.8792925477027893,0.1207074522972107,True,False,False,True
MSLS-val held-out,203,0.7464615106582642,0.9526404142379761,0.8326817154884338,0.16731828451156616,False,False,False,True
MSLS-val held-out,204,0.7477383017539978,0.9007463455200195,0.652087926864624,0.347912073135376,False,False,False,True
MSLS-val held-out,205,0.7220127582550049,0.9015477895736694,0.6822408437728882,0.3177591562271118,False,False,False,True
MSLS-val held-out,206,0.7859892845153809,0.9329752326011658,0.7510311007499695,0.24896889925003052,False,False,False,True
MSLS-val held-out,207,0.7912307381629944,0.903089165687561,0.6200624704360962,0.3799375295639038,False,False,False,True
MSLS-val held-out,208,0.7269377112388611,0.8939653038978577,0.6393826603889465,0.36061733961105347,False,False,False,True
MSLS-val held-out,209,0.37846803665161133,0.7622729539871216,0.2839241623878479,0.7160758376121521,True,False,True,True
MSLS-val held-out,210,0.6936347484588623,0.9172376394271851,0.7734020352363586,0.22659796476364136,False,False,False,True
MSLS-val held-out,211,0.8010257482528687,0.9369854927062988,0.7525164484977722,0.24748355150222778,False,False,False,True
MSLS-val held-out,212,0.8460962772369385,0.9075113534927368,0.5902002453804016,0.4097997546195984,False,False,False,True
MSLS-val held-out,213,0.9149062633514404,0.8976179361343384,0.4762084186077118,0.5237915515899658,False,False,False,False
MSLS-val held-out,214,0.73296719789505,0.9126580953598022,0.720750093460083,0.279249906539917,False,False,False,True
MSLS-val held-out,215,0.801558256149292,0.9500402212142944,0.7902014851570129,0.20979851484298706,False,False,False,True
MSLS-val held-out,216,0.7947070598602295,0.9432106018066406,0.7762844562530518,0.22371554374694824,False,False,False,False
MSLS-val held-out,217,0.7801510095596313,0.9349762201309204,0.7621634602546692,0.2378365397453308,False,False,False,True
MSLS-val held-out,218,0.9165680408477783,0.9231554269790649,0.6056722402572632,0.3943277597427368,False,False,False,False
MSLS-val held-out,219,0.9535188674926758,0.9028921723365784,0.47409942746162415,0.5259006023406982,False,False,False,False
MSLS-val held-out,220,0.7516330480575562,0.9600759744644165,0.8445785045623779,0.15542149543762207,False,False,False,True
MSLS-val held-out,221,0.6639344692230225,0.9093612432479858,0.7711377143859863,0.22886228561401367,False,False,False,True
MSLS-val held-out,222,0.7405427098274231,0.9261919260025024,0.7648536562919617,0.23514634370803833,False,False,False,True
MSLS-val held-out,223,0.9349850416183472,0.9283028841018677,0.6144458651542664,0.38555413484573364,False,False,False,False
MSLS-val held-out,224,0.8815950155258179,0.9221941232681274,0.6297276616096497,0.37027233839035034,False,False,False,True
MSLS-val held-out,225,0.8051574230194092,0.8984115719795227,0.5816830396652222,0.41831696033477783,False,False,False,True
MSLS-val held-out,226,0.5191352367401123,0.9270848035812378,0.9136890172958374,0.0863109827041626,False,True,False,True
MSLS-val held-out,227,0.7772954106330872,0.9465372562408447,0.7977702617645264,0.20222973823547363,False,False,False,True
MSLS-val held-out,228,0.6864709854125977,0.9299414157867432,0.8184406757354736,0.18155932426452637,False,False,False,True
MSLS-val held-out,229,0.6508848667144775,0.9121676087379456,0.7924420833587646,0.20755791664123535,False,False,False,True
MSLS-val held-out,230,0.9355229139328003,0.9128074645996094,0.5403942465782166,0.45960575342178345,False,False,False,True
MSLS-val held-out,231,0.7472661733627319,0.8967915773391724,0.6325002908706665,0.3674997091293335,False,False,False,True
MSLS-val held-out,232,0.5584276914596558,0.9150468707084656,0.8698452711105347,0.13015472888946533,False,False,False,True
MSLS-val held-out,233,0.7428637742996216,0.9249311685562134,0.7586157321929932,0.24138426780700684,False,False,False,True
MSLS-val held-out,234,0.7600526213645935,0.893906831741333,0.603729248046875,0.396270751953125,False,False,False,True
MSLS-val held-out,235,0.4652577042579651,0.8137212991714478,0.4884321689605713,0.5115678310394287,True,False,True,True
MSLS-val held-out,236,0.847506046295166,0.923477828502655,0.6639795899391174,0.33602041006088257,False,False,False,True
MSLS-val held-out,237,0.7895563840866089,0.9134236574172974,0.6713088154792786,0.32869118452072144,False,False,False,True
MSLS-val held-out,238,0.7280266284942627,0.9572165608406067,0.8530221581459045,0.14697784185409546,False,False,False,True
MSLS-val held-out,239,0.8824186325073242,0.9576244950294495,0.7561600804328918,0.24383991956710815,False,False,False,True
MSLS-val held-out,240,0.7600363492965698,0.9411813616752625,0.7956292629241943,0.20437073707580566,False,False,False,True
MSLS-val held-out,241,0.5859469175338745,0.9403444528579712,0.9016960263252258,0.09830397367477417,False,False,False,True
MSLS-val held-out,242,0.813385546207428,0.9317456483840942,0.7248484492301941,0.2751515507698059,False,False,False,True
MSLS-val held-out,243,0.8409073948860168,0.929742693901062,0.6950254440307617,0.3049745559692383,False,False,False,True
MSLS-val held-out,244,0.6768656969070435,0.9123684167861938,0.7706382274627686,0.22936177253723145,False,False,False,True
MSLS-val held-out,245,0.9057086110115051,0.9449453353881836,0.7012368440628052,0.2987631559371948,False,False,False,False
MSLS-val held-out,246,0.6962270736694336,0.9680624008178711,0.887349545955658,0.11265045404434204,False,False,False,True
MSLS-val held-out,247,0.8956551551818848,0.9425316452980042,0.7001020908355713,0.2998979091644287,False,False,False,False
MSLS-val held-out,248,0.6780006885528564,0.9139198660850525,0.7752097845077515,0.22479021549224854,False,False,False,True
MSLS-val held-out,249,0.9555104374885559,0.8959261775016785,0.4345519244670868,0.5654480457305908,False,False,False,False
MSLS-val held-out,250,0.5292266011238098,0.8784244060516357,0.7776014804840088,0.2223985195159912,False,False,False,True
MSLS-val held-out,251,0.7511031627655029,0.8993566036224365,0.6416594386100769,0.3583405613899231,False,False,False,True
MSLS-val held-out,252,0.758720874786377,0.9732955694198608,0.8632816672325134,0.13671833276748657,False,False,False,True
MSLS-val held-out,253,0.8088921308517456,0.9059118032455444,0.6171276569366455,0.3828723430633545,False,False,False,True
MSLS-val held-out,254,0.8065047264099121,0.9416328072547913,0.7629749774932861,0.23702502250671387,False,False,False,True
MSLS-val held-out,255,0.9022344946861267,0.9259324073791504,0.62955641746521,0.37044358253479004,False,False,False,True
MSLS-val held-out,256,0.9219477772712708,0.9285727739334106,0.6256084442138672,0.3743915557861328,False,False,False,False
MSLS-val held-out,257,0.8928489685058594,0.9268428087234497,0.641023576259613,0.35897642374038696,False,False,False,True
MSLS-val held-out,258,0.6816709637641907,0.9329339265823364,0.829741895198822,0.17025810480117798,False,False,False,True
MSLS-val held-out,259,0.7395660877227783,0.9324697256088257,0.7857365608215332,0.2142634391784668,False,False,False,True
MSLS-val held-out,260,0.7281879186630249,0.8976806998252869,0.6570436358451843,0.3429563641548157,False,False,False,True
MSLS-val held-out,261,0.8062839508056641,0.9180333614349365,0.6764385104179382,0.32356148958206177,False,False,False,True
MSLS-val held-out,262,0.7833781242370605,0.9129871129989624,0.6750990748405457,0.32490092515945435,False,False,False,True
MSLS-val held-out,263,0.7676203846931458,0.9391418695449829,0.7843512296676636,0.21564877033233643,False,False,False,True
MSLS-val held-out,264,0.5704437494277954,0.9151735305786133,0.8622952699661255,0.1377047300338745,False,False,False,True
MSLS-val held-out,265,0.7879214286804199,0.9435797929763794,0.7822362780570984,0.2177637219429016,False,False,False,True
MSLS-val held-out,266,0.9730186462402344,0.9311947822570801,0.5990304350852966,0.40096956491470337,False,False,False,False
MSLS-val held-out,267,0.8778612613677979,0.910854697227478,0.5786805152893066,0.42131948471069336,False,False,False,False
MSLS-val held-out,268,0.8483705520629883,0.9562255144119263,0.7748513221740723,0.22514867782592773,False,False,False,True
MSLS-val held-out,269,0.9096064567565918,0.9657220840454102,0.7601622939109802,0.23983770608901978,False,False,False,False
MSLS-val held-out,270,0.43573153018951416,0.8363739848136902,0.6769448518753052,0.3230551481246948,True,False,True,True
MSLS-val held-out,271,0.9083772301673889,0.9266425371170044,0.6277941465377808,0.37220585346221924,False,False,False,False
MSLS-val held-out,272,0.8138734102249146,0.9233800768852234,0.6922969222068787,0.30770307779312134,False,False,False,True
MSLS-val held-out,273,0.6522790193557739,0.9462251663208008,0.8764614462852478,0.1235385537147522,False,False,False,True
MSLS-val held-out,274,0.6057607531547546,0.9292153120040894,0.8711189031600952,0.12888109683990479,False,False,False,True
MSLS-val held-out,275,0.6266515254974365,0.9216147661209106,0.8395947217941284,0.16040527820587158,False,False,False,True
MSLS-val held-out,276,0.8324471712112427,0.8944445252418518,0.5329188704490662,0.46708112955093384,False,False,False,True
MSLS-val held-out,277,0.7350500822067261,0.8871833086013794,0.5937575101852417,0.4062424898147583,False,False,False,True
MSLS-val held-out,278,0.5758126974105835,0.9536880850791931,0.9232657551765442,0.07673424482345581,False,True,False,True
MSLS-val held-out,279,0.6781423091888428,0.9130581617355347,0.7720077037811279,0.22799229621887207,False,False,False,True
MSLS-val held-out,280,0.7415012717247009,0.883008599281311,0.5626744627952576,0.43732553720474243,False,False,False,True
MSLS-val held-out,281,0.7961350679397583,0.9099048376083374,0.6488557457923889,0.3511442542076111,False,False,False,True
MSLS-val held-out,282,0.6782642602920532,0.8443986177444458,0.3981059193611145,0.6018940806388855,False,False,True,True
MSLS-val held-out,283,0.7736502885818481,0.9083172082901001,0.6628922820091248,0.33710771799087524,False,False,False,True
MSLS-val held-out,284,0.7059364318847656,0.9078553915023804,0.7262369394302368,0.2737630605697632,False,False,False,True
MSLS-val held-out,285,0.48031407594680786,0.9021733999252319,0.8893781304359436,0.1106218695640564,True,False,False,True
MSLS-val held-out,286,0.9670957326889038,0.9611650705337524,0.7121471762657166,0.28785282373428345,False,False,False,False
MSLS-val held-out,287,0.7531278729438782,0.93985915184021,0.7969777584075928,0.20302224159240723,False,False,False,True
MSLS-val held-out,288,0.8316038250923157,0.8876951932907104,0.49515500664711,0.5048450231552124,False,False,False,True
MSLS-val held-out,289,0.744324803352356,0.8960980176925659,0.6319900751113892,0.36800992488861084,False,False,False,True
MSLS-val held-out,290,0.9159305691719055,0.9378683567047119,0.668113648891449,0.331886351108551,False,False,False,True
MSLS-val held-out,291,0.7298814058303833,0.9271360635757446,0.7766405940055847,0.22335940599441528,False,False,False,True
MSLS-val held-out,292,0.9201741218566895,0.9349123239517212,0.6533758640289307,0.34662413597106934,False,False,False,True
MSLS-val held-out,293,0.7299166917800903,0.9395496249198914,0.8127431869506836,0.1872568130493164,False,False,False,True
MSLS-val held-out,294,0.9049829840660095,0.7222090363502502,0.008968804962933064,0.9910311698913574,False,False,True,True
MSLS-val held-out,295,0.9379245042800903,0.94459068775177,0.6772705912590027,0.3227294087409973,False,False,False,False
MSLS-val held-out,296,0.6941646933555603,0.9298062324523926,0.8123867511749268,0.18761324882507324,False,False,False,True
MSLS-val held-out,297,0.8649238348007202,0.9495476484298706,0.7448654174804688,0.25513458251953125,False,False,False,True
MSLS-val held-out,298,0.9685422778129578,0.9103530645370483,0.5021910667419434,0.49780893325805664,False,False,False,True
MSLS-val held-out,299,0.8337337374687195,0.951382040977478,0.7717428207397461,0.2282571792602539,False,False,False,True
MSLS-val held-out,300,0.8467958569526672,0.8560212850570679,0.2985360324382782,0.7014639377593994,False,False,True,True
MSLS-val held-out,301,0.6749647855758667,0.960888147354126,0.8878060579299927,0.11219394207000732,False,False,False,True
MSLS-val held-out,302,0.5567389726638794,0.941059947013855,0.9162009358406067,0.08379906415939331,False,True,False,True
MSLS-val held-out,303,0.8820251226425171,0.9315677285194397,0.6692739725112915,0.3307260274887085,False,False,False,False
MSLS-val held-out,304,0.5859447717666626,0.9333359003067017,0.8903298377990723,0.10967016220092773,False,False,False,True
MSLS-val held-out,305,0.777941107749939,0.9484260082244873,0.8021795749664307,0.19782042503356934,False,False,False,True
MSLS-val held-out,306,0.5014742016792297,0.8887834548950195,0.8400161266326904,0.15998387336730957,False,False,False,True
MSLS-val held-out,307,0.6163896322250366,0.9272722005844116,0.8602738976478577,0.13972610235214233,False,False,False,True
MSLS-val held-out,308,0.5085573196411133,0.8912484645843506,0.8420261740684509,0.15797382593154907,False,False,False,True
MSLS-val held-out,309,0.9232475757598877,0.9110019207000732,0.5410550236701965,0.45894497632980347,False,False,False,False
MSLS-val held-out,310,0.6946051120758057,0.9266912937164307,0.803088366985321,0.19691163301467896,False,False,False,True
MSLS-val held-out,311,0.6141830682754517,0.9371658563613892,0.8816040754318237,0.11839592456817627,False,False,False,True
MSLS-val held-out,312,0.6027776002883911,0.9323563575744629,0.8791358470916748,0.1208641529083252,False,False,False,True
MSLS-val held-out,313,0.9111194610595703,0.9343574047088623,0.6579716205596924,0.3420283794403076,False,False,False,False
MSLS-val held-out,314,0.8745630383491516,0.9472615718841553,0.7310337424278259,0.2689662575721741,False,False,False,True
MSLS-val held-out,315,0.9480143785476685,0.9099717140197754,0.5159429907798767,0.4840570092201233,False,False,False,False
MSLS-val held-out,316,0.7988892793655396,0.928501546382904,0.7248397469520569,0.2751602530479431,False,False,False,False
MSLS-val held-out,317,0.910210132598877,0.925559401512146,0.6215668320655823,0.3784331679344177,False,False,False,False
MSLS-val held-out,318,0.7589186429977417,0.9345148801803589,0.777103066444397,0.22289693355560303,False,False,False,True
MSLS-val held-out,319,0.6773372888565063,0.9080319404602051,0.7538748383522034,0.24612516164779663,False,False,False,True
MSLS-val held-out,320,0.9079152345657349,0.9676082134246826,0.7658818960189819,0.23411810398101807,False,False,False,True
MSLS-val held-out,321,0.798170804977417,0.931286633014679,0.7354797124862671,0.2645202875137329,False,False,False,True
MSLS-val held-out,322,0.8333452939987183,0.8953409194946289,0.5370677709579468,0.4629322290420532,False,False,False,True
MSLS-val held-out,323,0.7450820207595825,0.9279667139053345,0.7671002745628357,0.2328997254371643,False,False,False,True
MSLS-val held-out,324,0.7198014259338379,0.903091311454773,0.6916806101799011,0.3083193898200989,False,False,False,True
MSLS-val held-out,325,0.6862097978591919,0.9640153646469116,0.8866661190986633,0.11333388090133667,False,False,False,True
MSLS-val held-out,326,0.7526997923851013,0.9492611885070801,0.8211132287979126,0.1788867712020874,False,False,False,True
MSLS-val held-out,327,0.8628566265106201,0.9442909955978394,0.7299231886863708,0.27007681131362915,False,False,False,True
MSLS-val held-out,328,0.7077151536941528,0.7873373627662659,0.10951700806617737,0.890483021736145,False,False,True,True
MSLS-val held-out,329,0.8460859060287476,0.940796971321106,0.7308157086372375,0.26918429136276245,False,False,False,False
MSLS-val held-out,330,0.8253136873245239,0.9398671984672546,0.7433715462684631,0.25662845373153687,False,False,False,True
MSLS-val held-out,331,0.904647171497345,0.9265110492706299,0.6301721930503845,0.3698278069496155,False,False,False,True
MSLS-val held-out,332,0.7585479617118835,0.9457861185073853,0.8087758421897888,0.19122415781021118,False,False,False,True
MSLS-val held-out,333,0.8635784387588501,0.8954625129699707,0.509177565574646,0.490822434425354,False,False,False,True
MSLS-val held-out,334,0.7427716255187988,0.8716452717781067,0.4930054843425751,0.5069944858551025,False,False,True,True
MSLS-val held-out,335,0.5919373631477356,0.8531836271286011,0.5665334463119507,0.4334665536880493,False,False,True,True
MSLS-val held-out,336,0.6473218202590942,0.8830597996711731,0.6709246635437012,0.32907533645629883,False,False,False,True
MSLS-val held-out,337,0.6652274131774902,0.9216626882553101,0.8109214305877686,0.18907856941223145,False,False,False,True
MSLS-val held-out,338,0.7373211979866028,0.9584435224533081,0.8498887419700623,0.15011125802993774,False,False,False,True
MSLS-val held-out,339,0.4954032897949219,0.8607548475265503,0.7336270809173584,0.2663729190826416,False,False,True,True
MSLS-val held-out,340,0.7831533551216125,0.8348311185836792,0.24036894738674164,0.7596310377120972,False,False,True,True
MSLS-val held-out,341,0.7579043507575989,0.9583238363265991,0.8374154567718506,0.16258454322814941,False,False,False,True
MSLS-val held-out,342,0.6160215139389038,0.8999074697494507,0.779421329498291,0.22057867050170898,False,False,False,True
MSLS-val held-out,343,0.4616120755672455,0.8464517593383789,0.7000254392623901,0.29997456073760986,True,False,True,True
MSLS-val held-out,344,0.7919955849647522,0.9102562665939331,0.6544414162635803,0.3455585837364197,False,False,False,True
MSLS-val held-out,345,0.745893120765686,0.9048856496810913,0.6739691495895386,0.3260308504104614,False,False,False,True
MSLS-val held-out,346,0.4428492784500122,0.8817113637924194,0.8634135723114014,0.13658642768859863,True,False,False,True
MSLS-val held-out,347,0.5253771543502808,0.9067350625991821,0.8717954158782959,0.1282045841217041,False,False,False,True
MSLS-val held-out,348,0.6662745475769043,0.850619912147522,0.4523129463195801,0.5476870536804199,False,False,True,True
MSLS-val held-out,349,0.8172789812088013,0.8991206288337708,0.5735167860984802,0.4264832139015198,False,False,False,False
MSLS-val held-out,350,0.8438050150871277,0.9128888845443726,0.6190118789672852,0.38098812103271484,False,False,False,False
MSLS-val held-out,351,0.5117791891098022,0.9494216442108154,0.9420061111450195,0.05799388885498047,False,True,False,True
MSLS-val held-out,352,0.4973676800727844,0.8954861164093018,0.862398087978363,0.13760191202163696,False,False,False,True
MSLS-val held-out,353,0.5095511674880981,0.8524713516235352,0.6721967458724976,0.32780325412750244,False,False,True,True
MSLS-val held-out,354,0.7307273745536804,0.9207063913345337,0.7539014220237732,0.2460985779762268,False,False,False,False
MSLS-val held-out,355,0.550315260887146,0.9241708517074585,0.8932923078536987,0.10670769214630127,False,False,False,True
MSLS-val held-out,356,0.6089464426040649,0.9352231621742249,0.8809983134269714,0.11900168657302856,False,False,False,True
MSLS-val held-out,357,0.6834695339202881,0.9617011547088623,0.8847147822380066,0.11528521776199341,False,False,False,True
MSLS-val held-out,358,0.569914698600769,0.9425007104873657,0.9122748970985413,0.08772510290145874,False,True,False,True
MSLS-val held-out,359,0.8361635804176331,0.8922035694122314,0.5166448354721069,0.48335516452789307,False,False,False,False
MSLS-val held-out,360,0.5699620246887207,0.8886864185333252,0.7793384194374084,0.22066158056259155,False,False,False,True
MSLS-val held-out,361,0.909449577331543,0.9454677104949951,0.7003713250160217,0.29962867498397827,False,False,False,False
MSLS-val held-out,362,0.4927428066730499,0.9311950206756592,0.9302414655685425,0.06975853443145752,True,True,False,True
MSLS-val held-out,363,0.4400612711906433,0.8283644914627075,0.6225457787513733,0.3774542212486267,True,False,True,True
MSLS-val held-out,364,0.5992448329925537,0.926026463508606,0.8684085607528687,0.13159143924713135,False,False,False,False
MSLS-val held-out,365,0.729320764541626,0.9453723430633545,0.8274880647659302,0.17251193523406982,False,False,False,True
MSLS-val held-out,366,0.49764031171798706,0.8957363367080688,0.8628723621368408,0.13712763786315918,False,False,False,True
MSLS-val held-out,367,0.8692612648010254,0.9713685512542725,0.7976173758506775,0.2023826241493225,False,False,False,True
MSLS-val held-out,368,0.2980976104736328,0.8868250846862793,0.9462471604347229,0.0537528395652771,True,True,False,True
MSLS-val held-out,369,0.5453665256500244,0.9112609624862671,0.8694972395896912,0.13050276041030884,False,False,False,True
MSLS-val held-out,370,0.7099665999412537,0.9100542068481445,0.7315244078636169,0.26847559213638306,False,False,False,False
MSLS-val held-out,371,0.3420368432998657,0.9282360076904297,0.9695677161216736,0.030432283878326416,True,True,False,True
MSLS-val held-out,372,0.46714282035827637,0.8829244375228882,0.8488669395446777,0.15113306045532227,True,False,False,True
MSLS-val held-out,373,0.4321720004081726,0.9163262844085693,0.9353078603744507,0.06469213962554932,True,True,False,True
MSLS-val held-out,374,0.3727110028266907,0.9202341437339783,0.9575634598731995,0.04243654012680054,True,True,False,True
MSLS-val held-out,375,0.4408026337623596,0.8921725749969482,0.8909085988998413,0.10909140110015869,True,False,False,True
MSLS-val held-out,376,0.6639963388442993,0.8683727979660034,0.5672363638877869,0.43276363611221313,False,False,True,True
MSLS-val held-out,377,0.5724086761474609,0.9214178323745728,0.8751344084739685,0.1248655915260315,False,False,False,True
MSLS-val held-out,378,0.4910392463207245,0.9371285438537598,0.9373764991760254,0.06262350082397461,True,True,False,True
MSLS-val held-out,379,0.7212806940078735,0.9519026875495911,0.8467554450035095,0.15324455499649048,False,False,False,True
MSLS-val held-out,380,0.557960569858551,0.8654031753540039,0.682987630367279,0.31701236963272095,False,False,True,True
MSLS-val held-out,381,0.3970462679862976,0.9393989443778992,0.964980959892273,0.03501904010772705,True,True,False,True
MSLS-val held-out,382,0.6347866654396057,0.9305116534233093,0.8556555509567261,0.14434444904327393,False,False,False,True
MSLS-val held-out,383,0.5710827112197876,0.8874263763427734,0.7731727361679077,0.22682726383209229,False,False,False,True
MSLS-val held-out,384,0.41576454043388367,0.9369981288909912,0.9592688679695129,0.04073113203048706,True,True,False,True
MSLS-val held-out,385,0.6780897378921509,0.893791913986206,0.6909113526344299,0.30908864736557007,False,False,False,True
MSLS-val held-out,386,0.5432342886924744,0.9480416774749756,0.9297908544540405,0.07020914554595947,False,True,False,True
MSLS-val held-out,387,0.6770926117897034,0.924207329750061,0.8092603087425232,0.1907396912574768,False,False,False,True
MSLS-val held-out,388,0.800395131111145,0.9304959774017334,0.7308641672134399,0.26913583278656006,False,False,False,True
MSLS-val held-out,389,0.767457127571106,0.9656020402908325,0.8456713557243347,0.15432864427566528,False,False,False,True
MSLS-val held-out,390,0.8916523456573486,0.9415383338928223,0.6995311975479126,0.3004688024520874,False,False,False,True
MSLS-val held-out,391,0.6387535333633423,0.9674947261810303,0.9126667976379395,0.08733320236206055,False,True,False,True
MSLS-val held-out,392,0.5088584423065186,0.9169061779975891,0.902281641960144,0.09771835803985596,False,False,False,True
MSLS-val held-out,393,0.3474711775779724,0.9149413108825684,0.95966637134552,0.04033362865447998,True,True,False,True
MSLS-val held-out,394,0.6050658226013184,0.8810787200927734,0.7087875604629517,0.29121243953704834,False,False,False,False
MSLS-val held-out,395,0.6051927804946899,0.9820127487182617,0.937740683555603,0.06225931644439697,False,True,False,True
MSLS-val held-out,396,0.4026453495025635,0.9626456499099731,0.9745381474494934,0.025461852550506592,True,True,False,True
MSLS-val held-out,397,0.5703487396240234,0.8878008127212524,0.7754116058349609,0.22458839416503906,False,False,False,True
MSLS-val held-out,398,0.6597652435302734,0.8824182748794556,0.6532124876976013,0.3467875123023987,False,False,False,True
MSLS-val held-out,399,0.5690562725067139,0.9562316536903381,0.928497314453125,0.071502685546875,False,True,False,True
MSLS-val held-out,400,0.6689741015434265,0.9416358470916748,0.8579608798027039,0.14203912019729614,False,False,False,True
MSLS-val held-out,401,0.6449956893920898,0.9389762878417969,0.8671621680259705,0.13283783197402954,False,False,False,True
MSLS-val held-out,402,0.723263144493103,0.9423726797103882,0.8244244456291199,0.17557555437088013,False,False,False,True
MSLS-val held-out,403,0.4747987985610962,0.9088022708892822,0.9054149389266968,0.09458506107330322,True,True,False,True
MSLS-val held-out,404,0.7417314052581787,0.9722887873649597,0.8705679178237915,0.1294320821762085,False,False,False,True
MSLS-val held-out,405,0.7352544069290161,0.9492913484573364,0.8325109481811523,0.16748905181884766,False,False,False,True
MSLS-val held-out,406,0.4794042110443115,0.9570248126983643,0.9567221403121948,0.043277859687805176,True,True,False,True
MSLS-val held-out,407,0.42459672689437866,0.8381725549697876,0.7017049789428711,0.2982950210571289,True,False,True,True
MSLS-val held-out,408,0.961499810218811,0.9479396343231201,0.6730512976646423,0.32694870233535767,False,False,False,True
MSLS-val held-out,409,0.48066264390945435,0.9414248466491699,0.9448621273040771,0.05513787269592285,True,True,False,True
MSLS-val held-out,410,0.44283387064933777,0.9151709079742432,0.9297566413879395,0.07024335861206055,True,True,False,True
MSLS-val held-out,411,0.4194374084472656,0.9074109792709351,0.9286220669746399,0.07137793302536011,True,True,False,True
MSLS-val held-out,412,0.555168867111206,0.9505906105041504,0.9279607534408569,0.07203924655914307,False,True,False,True
MSLS-val held-out,413,0.8171643614768982,0.9411565661430359,0.753593921661377,0.24640607833862305,False,False,False,True
MSLS-val held-out,414,0.5795303583145142,0.9461259841918945,0.9127543568611145,0.0872456431388855,False,True,False,True
MSLS-val held-out,415,0.8120988607406616,0.9532375931739807,0.7912954092025757,0.20870459079742432,False,False,False,True
MSLS-val held-out,416,0.7349495887756348,0.9039690494537354,0.6805790066719055,0.3194209933280945,False,False,False,True
MSLS-val held-out,417,0.34281468391418457,0.8308227062225342,0.7630512118339539,0.23694878816604614,True,False,True,True
MSLS-val held-out,418,0.8218566179275513,0.940044641494751,0.7465500831604004,0.2534499168395996,False,False,False,True
MSLS-val held-out,419,0.6336308717727661,0.9112193584442139,0.8037773370742798,0.19622266292572021,False,False,False,True
MSLS-val held-out,420,0.43417853116989136,0.9424607753753662,0.9584888815879822,0.04151111841201782,True,True,False,True
MSLS-val held-out,421,0.7760791182518005,0.9040744304656982,0.6400306224822998,0.3599693775177002,False,False,False,True
MSLS-val held-out,422,0.651981770992279,0.8674265146255493,0.5765246748924255,0.42347532510757446,False,False,True,True
MSLS-val held-out,423,0.4845694303512573,0.9351164698600769,0.9375651478767395,0.0624348521232605,True,True,False,True
MSLS-val held-out,424,0.4299386739730835,0.8221995830535889,0.5979499816894531,0.4020500183105469,True,False,True,True
MSLS-val held-out,425,0.9229333996772766,0.9389596581459045,0.6671416163444519,0.3328583836555481,False,False,False,True
MSLS-val held-out,426,0.579197883605957,0.8580805063247681,0.6138441562652588,0.3861558437347412,False,False,True,True
MSLS-val held-out,427,0.504141092300415,0.8110520243644714,0.41334277391433716,0.5866572260856628,False,False,True,True
MSLS-val held-out,428,0.7218359708786011,0.8864724636077881,0.6045222282409668,0.3954777717590332,False,False,False,False
MSLS-val held-out,429,0.7930830717086792,0.9342101216316223,0.7495638728141785,0.25043612718582153,False,False,False,True
MSLS-val held-out,430,0.5260018110275269,0.8637824058532715,0.713023841381073,0.286976158618927,False,False,True,True
MSLS-val held-out,431,0.4698455333709717,0.8495503664016724,0.7064892649650574,0.2935107350349426,True,False,True,True
MSLS-val held-out,432,0.5482925176620483,0.8950107097625732,0.8218153119087219,0.17818468809127808,False,False,False,True
MSLS-val held-out,433,0.32962101697921753,0.8392808437347412,0.8141075372695923,0.18589246273040771,True,False,True,True
MSLS-val held-out,434,0.5547126531600952,0.9387623071670532,0.9140552878379822,0.08594471216201782,False,True,False,True
MSLS-val held-out,435,0.8125780820846558,0.8189955949783325,0.15493258833885193,0.8450673818588257,False,False,True,True
MSLS-val held-out,436,0.43824225664138794,0.9448668956756592,0.9590818285942078,0.040918171405792236,True,True,False,True
MSLS-val held-out,437,0.9318479299545288,0.9586678743362427,0.727020800113678,0.272979199886322,False,False,False,False
MSLS-val held-out,438,0.40260493755340576,0.775449275970459,0.3293537199497223,0.6706463098526001,True,False,True,True
MSLS-val held-out,439,0.5221544504165649,0.9277263283729553,0.9132448434829712,0.08675515651702881,False,True,False,True
MSLS-val held-out,440,0.5248147249221802,0.9218724370002747,0.9026795029640198,0.09732049703598022,False,False,False,True
MSLS-val held-out,441,0.6840765476226807,0.9605857133865356,0.8827577829360962,0.11724221706390381,False,False,False,True
MSLS-val held-out,442,0.5071033835411072,0.8784851431846619,0.7993485331535339,0.20065146684646606,False,False,False,True
MSLS-val held-out,443,0.5177379250526428,0.8379415273666382,0.5722364187240601,0.42776358127593994,False,False,True,True
MSLS-val held-out,444,0.33890438079833984,0.8894470930099487,0.9352492690086365,0.06475073099136353,True,True,False,True
MSLS-val held-out,445,0.6549370288848877,0.949951171875,0.881344199180603,0.11865580081939697,False,False,False,True
MSLS-val held-out,446,0.8299193382263184,0.9451560974121094,0.7565242648124695,0.24347573518753052,False,False,False,False
MSLS-val held-out,447,0.8201388120651245,0.901561439037323,0.5837771892547607,0.41622281074523926,False,False,False,True
MSLS-val held-out,448,0.3893994390964508,0.7900407910346985,0.44330233335494995,0.55669766664505,True,False,True,True
MSLS-val held-out,449,0.5060210227966309,0.9086697101593018,0.8880332112312317,0.11196678876876831,False,False,False,True
MSLS-val held-out,450,0.5282854437828064,0.906273603439331,0.8687861561775208,0.13121384382247925,False,False,False,True
MSLS-val held-out,451,0.6865552663803101,0.9220579862594604,0.7952724695205688,0.20472753047943115,False,False,False,False
MSLS-val held-out,452,0.469990074634552,0.9252752065658569,0.931911051273346,0.06808894872665405,True,True,False,True
MSLS-val held-out,453,0.646111011505127,0.9590693712234497,0.8992775678634644,0.10072243213653564,False,False,False,True
MSLS-val held-out,454,0.4475974440574646,0.8830406069755554,0.8637269139289856,0.1362730860710144,True,False,False,True
MSLS-val held-out,455,0.5375779867172241,0.9212484359741211,0.8948712944984436,0.1051287055015564,False,False,False,True
MSLS-val held-out,456,0.39380231499671936,0.9403496980667114,0.9661874771118164,0.033812522888183594,True,True,False,True
MSLS-val held-out,457,0.8824741840362549,0.9198235273361206,0.6181694865226746,0.38183051347732544,False,False,False,False
MSLS-val held-out,458,0.5469166040420532,0.960044264793396,0.9396514296531677,0.060348570346832275,False,True,False,True
MSLS-val held-out,459,0.6231951713562012,0.9096376299858093,0.8072841167449951,0.19271588325500488,False,False,False,True
MSLS-val held-out,460,0.3604584336280823,0.9305151700973511,0.9673095345497131,0.032690465450286865,True,True,False,True
MSLS-val held-out,461,0.5896410942077637,0.9046701192855835,0.8189293146133423,0.18107068538665771,False,False,False,True
MSLS-val held-out,462,0.4476739764213562,0.890340268611908,0.8825027942657471,0.11749720573425293,True,False,False,True
MSLS-val held-out,463,0.9068143963813782,0.9511247277259827,0.7207617163658142,0.2792382836341858,False,False,False,True
MSLS-val held-out,464,0.9508364796638489,0.9636045694351196,0.7291602492332458,0.27083975076675415,False,False,False,True
MSLS-val held-out,465,0.7863720655441284,0.9113638997077942,0.6649124622344971,0.33508753776550293,False,False,False,True
MSLS-val held-out,466,0.5587959289550781,0.9476942420005798,0.9233899116516113,0.07661008834838867,False,True,False,True
MSLS-val held-out,467,0.5076131224632263,0.9168615341186523,0.9028460383415222,0.09715396165847778,False,False,False,True
MSLS-val held-out,468,0.4767491817474365,0.8911340832710266,0.8652148246765137,0.13478517532348633,True,False,False,True
MSLS-val held-out,469,0.7308937311172485,0.9128558039665222,0.7234857678413391,0.2765142321586609,False,False,False,False
MSLS-val held-out,470,0.654097318649292,0.9141972064971924,0.796513557434082,0.20348644256591797,False,False,False,True
MSLS-val held-out,471,0.7182582020759583,0.9565635919570923,0.857481062412262,0.14251893758773804,False,False,False,True
MSLS-val held-out,472,0.8259961605072021,0.9327888488769531,0.7185084223747253,0.28149157762527466,False,False,False,True
MSLS-val held-out,473,0.858527660369873,0.9336613416671753,0.6959304213523865,0.3040695786476135,False,False,False,True
MSLS-val held-out,474,0.7505990862846375,0.8853000402450562,0.5658296346664429,0.43417036533355713,False,False,False,True
MSLS-val held-out,475,0.5163202881813049,0.8563647270202637,0.6853458881378174,0.3146541118621826,False,False,True,True
MSLS-val held-out,476,0.7489237785339355,0.9280720353126526,0.7643392086029053,0.23566079139709473,False,False,False,True
MSLS-val held-out,477,0.8216776847839355,0.9004857540130615,0.5765578746795654,0.42344212532043457,False,False,False,True
MSLS-val held-out,478,0.8591864705085754,0.9093027114868164,0.5873962044715881,0.41260379552841187,False,False,False,True
MSLS-val held-out,479,0.627423882484436,0.9559524059295654,0.9038741588592529,0.09612584114074707,False,True,False,True
MSLS-val held-out,480,0.7263109683990479,0.9590929746627808,0.857434868812561,0.14256513118743896,False,False,False,True
MSLS-val held-out,481,0.6185657382011414,0.9395875930786133,0.8834919333457947,0.11650806665420532,False,False,False,True
MSLS-val held-out,482,0.8001067638397217,0.9155285358428955,0.6710140109062195,0.3289859890937805,False,False,False,True
MSLS-val held-out,483,0.5227460861206055,0.8845735192298889,0.8077731132507324,0.19222688674926758,False,False,False,True
MSLS-val held-out,484,0.8976668119430542,0.9176616668701172,0.5952913761138916,0.4047086238861084,False,False,False,True
MSLS-val held-out,485,0.5684189796447754,0.8865774273872375,0.7723225355148315,0.22767746448516846,False,False,False,True
MSLS-val held-out,486,0.6773813962936401,0.875885546207428,0.5956973433494568,0.4043026566505432,False,False,False,True
MSLS-val held-out,487,0.6511752605438232,0.9714605808258057,0.9117631316184998,0.08823686838150024,False,True,False,True
MSLS-val held-out,488,0.685513436794281,0.9387636780738831,0.8411882519721985,0.1588117480278015,False,False,False,True
MSLS-val held-out,489,0.6468183994293213,0.9166266918182373,0.8101826310157776,0.1898173689842224,False,False,False,True
MSLS-val held-out,490,0.9096077084541321,0.9349335432052612,0.6614048480987549,0.3385951519012451,False,False,False,True
MSLS-val held-out,491,0.8179933428764343,0.9239509105682373,0.6910927295684814,0.30890727043151855,False,False,False,True
MSLS-val held-out,492,0.8953958749771118,0.9215401411056519,0.6153623461723328,0.38463765382766724,False,False,False,True
MSLS-val held-out,493,0.7154792547225952,0.9254893660545349,0.782917857170105,0.21708214282989502,False,False,False,True
MSLS-val held-out,494,0.5064149498939514,0.934984564781189,0.9294036626815796,0.07059633731842041,False,True,False,True
MSLS-val held-out,495,0.3996317386627197,0.9093551635742188,0.9387027621269226,0.06129723787307739,True,True,False,True
MSLS-val held-out,496,0.7089269757270813,0.9144079089164734,0.7496618032455444,0.25033819675445557,False,False,False,True
MSLS-val held-out,497,0.562772810459137,0.9024947285652161,0.8336820006370544,0.16631799936294556,False,False,False,True
MSLS-val held-out,498,0.7677737474441528,0.8654952645301819,0.4275369346141815,0.5724630355834961,False,False,True,True
MSLS-val held-out,499,0.9484536647796631,0.9699445962905884,0.74741131067276,0.25258868932724,False,False,False,True
MSLS-val held-out,500,0.8397257924079895,0.8596277236938477,0.32402411103248596,0.6759759187698364,False,False,True,False
MSLS-val held-out,501,0.7977547645568848,0.906600832939148,0.6313024759292603,0.36869752407073975,False,False,False,True
MSLS-val held-out,502,0.7415622472763062,0.9502522945404053,0.8305903673171997,0.1694096326828003,False,False,False,True
MSLS-val held-out,503,0.7150239944458008,0.8885269165039062,0.6234509348869324,0.3765490651130676,False,False,False,True
MSLS-val held-out,504,0.4546736180782318,0.9208495616912842,0.9323757886886597,0.06762421131134033,True,True,False,True
MSLS-val held-out,505,0.8412148952484131,0.9466718435287476,0.7529726028442383,0.24702739715576172,False,False,False,True
MSLS-val held-out,506,0.9749346375465393,0.9398902654647827,0.6338320374488831,0.36616796255111694,False,False,False,False
MSLS-val held-out,507,0.970716118812561,0.8810348510742188,0.3420694172382355,0.6579306125640869,False,False,False,True
MSLS-val held-out,508,0.5389642715454102,0.9223407506942749,0.8961046934127808,0.10389530658721924,False,False,False,True
MSLS-val held-out,509,0.8758918046951294,0.9606643915176392,0.7684407830238342,0.23155921697616577,False,False,False,True
MSLS-val held-out,510,0.7229007482528687,0.9580799341201782,0.8575639128684998,0.14243608713150024,False,False,False,True
MSLS-val held-out,511,0.7719061374664307,0.8950713872909546,0.5975767374038696,0.40242326259613037,False,False,False,True
MSLS-val held-out,512,0.7108681797981262,0.9618419408798218,0.8706488013267517,0.1293511986732483,False,False,False,True
MSLS-val held-out,513,0.3301822543144226,0.8694280385971069,0.9043072462081909,0.09569275379180908,True,True,True,True
MSLS-val held-out,514,0.6671231985092163,0.9330997467041016,0.8401926159858704,0.15980738401412964,False,False,False,True
MSLS-val held-out,515,0.7845367193222046,0.9447340965270996,0.7878645658493042,0.2121354341506958,False,False,False,False
MSLS-val held-out,516,0.9317103624343872,0.913109540939331,0.5449737310409546,0.4550262689590454,False,False,False,False
MSLS-val held-out,517,0.5239868760108948,0.7400379180908203,0.0815666988492012,0.9184333086013794,False,False,True,True
Nordland-clean,0,0.7412573099136353,0.8980435729026794,0.8321237564086914,0.1678762435913086,False,False,False,False
Nordland-clean,1,0.8497715592384338,0.9042955636978149,0.7150980830192566,0.2849019169807434,False,False,False,False
Nordland-clean,2,0.7702350616455078,0.8027386665344238,0.5059388279914856,0.4940611720085144,False,False,True,True
Nordland-clean,3,0.9024577736854553,0.7535902261734009,0.1655939221382141,0.8344060778617859,False,False,True,False
Nordland-clean,4,0.7499681711196899,0.9313907623291016,0.871899425983429,0.12810057401657104,False,False,False,True
Nordland-clean,5,0.8106377124786377,0.8570395708084106,0.6351376175880432,0.3648623824119568,False,False,False,True
Nordland-clean,6,0.7611559629440308,0.9266870021820068,0.8560582399368286,0.1439417600631714,False,False,False,True
Nordland-clean,7,0.5315530300140381,0.9155087471008301,0.973643958568573,0.026356041431427002,True,True,False,True
Nordland-clean,8,0.7919085025787354,0.8575559258460999,0.6661731004714966,0.3338268995285034,False,False,False,True
Nordland-clean,9,0.8574883341789246,0.8489563465118408,0.5344310998916626,0.4655689001083374,False,False,False,False
Nordland-clean,10,0.7413387894630432,0.8889974355697632,0.815582275390625,0.184417724609375,False,False,False,False
Nordland-clean,11,0.8955652713775635,0.9522644281387329,0.763559877872467,0.23644012212753296,False,False,False,False
Nordland-clean,12,0.7281113862991333,0.8519127368927002,0.7477278709411621,0.2522721290588379,False,False,False,False
Nordland-clean,13,0.8282212018966675,0.8996034860610962,0.7311012148857117,0.26889878511428833,False,False,False,True
Nordland-clean,14,0.8133736848831177,0.821440577507019,0.5027323961257935,0.49726760387420654,False,False,False,False
Nordland-clean,15,0.7327237725257874,0.8693685531616211,0.7848964333534241,0.21510356664657593,False,False,False,False
Nordland-clean,16,0.8123683929443359,0.821415901184082,0.5043312907218933,0.4956687092781067,False,False,False,False
Nordland-clean,17,0.7241166830062866,0.8642053604125977,0.7843273878097534,0.21567261219024658,False,False,False,False
Nordland-clean,18,0.8982065916061401,0.8918323516845703,0.6188011765480042,0.38119882345199585,False,False,False,False
Nordland-clean,19,0.792162299156189,0.8786932229995728,0.7267335653305054,0.27326643466949463,False,False,False,False
Nordland-clean,20,0.9279099702835083,0.777362048625946,0.20427167415618896,0.795728325843811,False,False,True,False
Nordland-clean,21,0.6921035051345825,0.803966224193573,0.6576197147369385,0.3423802852630615,False,False,True,False
Nordland-clean,22,0.8946933150291443,0.9623034000396729,0.7810277938842773,0.21897220611572266,False,False,False,True
Nordland-clean,23,0.7500280141830444,0.9216443300247192,0.8594778180122375,0.14052218198776245,False,False,False,False
Nordland-clean,24,0.8217145800590515,0.8974777460098267,0.7343404293060303,0.2656595706939697,False,False,False,False
Nordland-clean,25,0.9249666929244995,0.8667092323303223,0.503002405166626,0.496997594833374,False,False,False,False
Nordland-clean,26,0.9060522317886353,0.8586903810501099,0.49980753660202026,0.5001924633979797,False,False,False,False
Nordland-clean,27,0.9386153221130371,0.9495240449905396,0.7154479622840881,0.28455203771591187,False,False,False,False
Nordland-clean,28,0.8328045606613159,0.9706505537033081,0.847723662853241,0.15227633714675903,False,False,False,False
Nordland-clean,29,0.7703219652175903,0.8359223008155823,0.6300408244132996,0.36995917558670044,False,False,False,False
Nordland-clean,30,0.8177847266197205,0.895634651184082,0.7349717617034912,0.2650282382965088,False,False,False,False
Nordland-clean,31,0.9259088039398193,0.9006116986274719,0.6100521087646484,0.38994789123535156,False,False,False,False
Nordland-clean,32,0.8375346660614014,0.8544657230377197,0.5844457149505615,0.4155542850494385,False,False,False,False
Nordland-clean,33,0.8044395446777344,0.8831587433815002,0.7213989496231079,0.2786010503768921,False,False,False,False
Nordland-clean,34,0.8951591849327087,0.9421657919883728,0.7454600930213928,0.2545399069786072,False,False,False,False
Nordland-clean,35,0.8838567733764648,0.8929790258407593,0.6408074498176575,0.35919255018234253,False,False,False,False
Nordland-clean,36,0.7130720615386963,0.9210742712020874,0.8902333974838257,0.10976660251617432,False,False,False,False
Nordland-clean,37,0.851314902305603,0.8851276636123657,0.6618416905403137,0.3381583094596863,False,False,False,False
Nordland-clean,38,0.7898939847946167,0.8650052547454834,0.6919148564338684,0.3080851435661316,False,False,False,False
Nordland-clean,39,0.8870532512664795,0.8710048794746399,0.5679822564125061,0.4320177435874939,False,False,False,False
Nordland-clean,40,0.8505601286888123,0.8434107303619385,0.5249407887458801,0.4750592112541199,False,False,False,False
Nordland-clean,41,0.8072079420089722,0.9530216455459595,0.8486843705177307,0.1513156294822693,False,False,False,False
Nordland-clean,42,0.8320286870002747,0.9506609439849854,0.8229832053184509,0.17701679468154907,False,False,False,True
Nordland-clean,43,0.8043285608291626,0.9322025775909424,0.8224722743034363,0.17752772569656372,False,False,False,False
Nordland-clean,44,0.8168137073516846,0.9547443389892578,0.8423716425895691,0.1576283574104309,False,False,False,True
Nordland-clean,45,0.847553014755249,0.9556251764297485,0.8154775500297546,0.18452244997024536,False,False,False,False
Nordland-clean,46,0.830673098564148,0.9315439462661743,0.7942042946815491,0.20579570531845093,False,False,False,False
Nordland-clean,47,0.908515214920044,0.7668696641921997,0.19298958778381348,0.8070104122161865,False,False,True,False
Nordland-clean,48,0.9095771312713623,0.862377941608429,0.5080053210258484,0.4919946789741516,False,False,False,False
Nordland-clean,49,0.9456819295883179,0.9314196109771729,0.6687490940093994,0.3312509059906006,False,False,False,False
Nordland-clean,50,0.7925915718078613,0.9074708223342896,0.7918946146965027,0.20810538530349731,False,False,False,False
Nordland-clean,51,0.6625807881355286,0.810583233833313,0.7316485643386841,0.2683514356613159,False,False,False,False
Nordland-clean,52,0.6864136457443237,0.9111545085906982,0.8999671339988708,0.10003286600112915,False,False,False,False
Nordland-clean,53,0.7737666368484497,0.7917512655258179,0.45596668124198914,0.5440332889556885,False,False,True,True
Nordland-clean,54,0.9369053840637207,0.9382508993148804,0.6935850381851196,0.30641496181488037,False,False,False,False
Nordland-clean,55,0.8255947828292847,0.9435162544250488,0.8187276721000671,0.18127232789993286,False,False,False,False
Nordland-clean,56,0.8112236261367798,0.9410022497177124,0.8289098739624023,0.17109012603759766,False,False,False,False
Nordland-clean,57,0.8337212204933167,0.9258276224136353,0.7805669903755188,0.2194330096244812,False,False,False,False
Nordland-clean,58,0.745521068572998,0.9326233863830566,0.8770583868026733,0.12294161319732666,False,False,False,False
Nordland-clean,59,0.7419716119766235,0.8390300273895264,0.688139796257019,0.31186020374298096,False,False,False,False
Nordland-clean,60,0.6867616176605225,0.8784592151641846,0.8564631342887878,0.14353686571121216,False,False,False,False
Nordland-clean,61,0.7077099084854126,0.7595484256744385,0.4521164000034332,0.5478836297988892,False,False,True,False
Nordland-clean,62,0.6099449396133423,0.7968283891677856,0.7760045528411865,0.22399544715881348,True,False,True,False
Nordland-clean,63,0.8863636255264282,0.8257392644882202,0.4072832763195038,0.5927166938781738,False,False,False,False
Nordland-clean,64,0.8316518068313599,0.8558590412139893,0.5983467698097229,0.4016532301902771,False,False,False,True
Nordland-clean,65,0.876663088798523,0.9341921806335449,0.7496134638786316,0.2503865361213684,False,False,False,False
Nordland-clean,66,0.7550674080848694,0.9358402490615845,0.8728430867195129,0.12715691328048706,False,False,False,True
Nordland-clean,67,0.8445343375205994,0.899124264717102,0.7089079022407532,0.2910920977592468,False,False,False,False
Nordland-clean,68,0.8851684331893921,0.9067879319190979,0.6770782470703125,0.3229217529296875,False,False,False,False
Nordland-clean,69,0.8572039604187012,0.9260139465332031,0.754754364490509,0.24524563550949097,False,False,False,False
Nordland-clean,70,0.6772825717926025,0.9393391013145447,0.9297202229499817,0.07027977705001831,False,True,False,False
Nordland-clean,71,0.5956358909606934,0.9433494210243225,0.9654445052146912,0.03455549478530884,True,True,False,False
Nordland-clean,72,0.6731197834014893,0.9553011655807495,0.9413228631019592,0.05867713689804077,False,True,False,False
Nordland-clean,73,0.8841910362243652,0.8737525343894958,0.581001341342926,0.418998658657074,False,False,False,False
Nordland-clean,74,0.8937698602676392,0.901048481464386,0.6509333252906799,0.34906667470932007,False,False,False,False
Nordland-clean,75,0.8066951036453247,0.7943590879440308,0.40917104482650757,0.5908289551734924,False,False,True,False
Nordland-clean,76,0.7967281937599182,0.9134038686752319,0.7985035181045532,0.20149648189544678,False,False,False,False
Nordland-clean,77,0.9018182754516602,0.8551912307739258,0.493149071931839,0.5068509578704834,False,False,False,False
Nordland-clean,78,0.8946658372879028,0.8816806077957153,0.5922839045524597,0.4077160954475403,False,False,False,False
Nordland-clean,79,0.8831181526184082,0.890440821647644,0.6343733668327332,0.36562663316726685,False,False,False,False
Nordland-clean,80,0.8903762698173523,0.9185836315155029,0.7001548409461975,0.2998451590538025,False,False,False,False
Nordland-clean,81,0.8714724779129028,0.9556276798248291,0.7927300930023193,0.20726990699768066,False,False,False,False
Nordland-clean,82,0.8130083084106445,0.9343440532684326,0.8171033263206482,0.1828966736793518,False,False,False,False
Nordland-clean,83,0.9376049041748047,0.9609948992729187,0.7380956411361694,0.26190435886383057,False,False,False,False
Nordland-clean,84,0.9231405258178711,0.8557530641555786,0.4671494960784912,0.5328505039215088,False,False,False,False
Nordland-clean,85,0.8825581073760986,0.8773714303970337,0.5949611067771912,0.40503889322280884,False,False,False,False
Nordland-clean,86,0.787140965461731,0.9757428765296936,0.8880138993263245,0.11198610067367554,False,False,False,False
Nordland-clean,87,0.5570428371429443,0.8957566618919373,0.9585485458374023,0.041451454162597656,True,True,False,False
Nordland-clean,88,0.7818747162818909,0.8839941620826721,0.7541110515594482,0.24588894844055176,False,False,False,False
Nordland-clean,89,0.7021886110305786,0.9281636476516724,0.9054282903671265,0.09457170963287354,False,False,False,False
Nordland-clean,90,0.6200306415557861,0.9198293685913086,0.9460066556930542,0.0539933443069458,True,True,False,False
Nordland-clean,91,0.6610440015792847,0.9539458751678467,0.9460504651069641,0.05394953489303589,True,True,False,False
Nordland-clean,92,0.6890286803245544,0.817013680934906,0.7071103453636169,0.29288965463638306,False,False,False,False
Nordland-clean,93,0.8211023211479187,0.817013680934906,0.47286027669906616,0.5271397233009338,False,False,False,False
Nordland-clean,94,0.8585793972015381,0.9231998920440674,0.7473983764648438,0.25260162353515625,False,False,False,False
Nordland-clean,95,0.8056496977806091,0.778221845626831,0.3497862219810486,0.6502137780189514,False,False,True,False
Nordland-clean,96,0.9284670352935791,0.9486719369888306,0.7239202260971069,0.27607977390289307,False,False,False,False
Nordland-clean,97,0.8885528445243835,0.9947062730789185,0.8292174339294434,0.17078256607055664,False,False,False,False
Nordland-clean,98,0.8516277074813843,0.8045055270195007,0.37786513566970825,0.6221348643302917,False,False,True,False
Nordland-clean,99,0.8532226085662842,0.9514905214309692,0.8039683103561401,0.19603168964385986,False,False,False,False
Nordland-clean,100,0.8821607232093811,0.7922636866569519,0.29443493485450745,0.7055650949478149,False,False,True,False
Nordland-clean,101,0.9371224641799927,0.965241551399231,0.7459834814071655,0.2540165185928345,False,False,False,False
Nordland-clean,102,0.8749243021011353,0.9791964292526245,0.8223461508750916,0.17765384912490845,False,False,False,False
Nordland-clean,103,0.8713290691375732,0.9514431357383728,0.7861953973770142,0.21380460262298584,False,False,False,False
Nordland-clean,104,0.8643981218338013,0.9743611812591553,0.8253595232963562,0.1746404767036438,False,False,False,False
Nordland-clean,105,0.8001303672790527,0.9614549875259399,0.8644089698791504,0.1355910301208496,False,False,False,False
Nordland-clean,106,0.849105715751648,0.9520823359489441,0.8088277578353882,0.19117224216461182,False,False,False,False
Nordland-clean,107,0.8311144709587097,0.9279853105545044,0.7873976826667786,0.21260231733322144,False,False,False,False
Nordland-clean,108,0.8881746530532837,0.8733486533164978,0.5741905570030212,0.42580944299697876,False,False,False,False
Nordland-clean,109,0.8778868913650513,0.8733486533164978,0.5884403586387634,0.4115596413612366,False,False,False,False
Nordland-clean,110,0.8284835815429688,0.8777057528495789,0.6723883748054504,0.32761162519454956,False,False,False,False
Nordland-clean,111,0.9373501539230347,0.9540849924087524,0.7255859971046448,0.2744140028953552,False,False,False,True
Nordland-clean,112,0.8567781448364258,0.8733486533164978,0.6183664798736572,0.3816335201263428,False,False,False,False
Nordland-clean,113,0.8835393190383911,0.8733486533164978,0.5805802941322327,0.41941970586776733,False,False,False,False
Nordland-clean,114,0.8849022388458252,0.8733486533164978,0.5786961317062378,0.4213038682937622,False,False,False,False
Nordland-clean,115,0.8649448156356812,0.8733486533164978,0.6066918969154358,0.3933081030845642,False,False,False,False
Nordland-clean,116,0.8914409875869751,0.8733486533164978,0.5697197914123535,0.4302802085876465,False,False,False,False
Nordland-clean,117,0.8861991167068481,0.9743611812591553,0.8063539266586304,0.19364607334136963,False,False,False,False
Nordland-clean,118,0.8736060857772827,0.9743611812591553,0.817388117313385,0.182611882686615,False,False,False,False
Nordland-clean,119,0.8812897205352783,0.9743611812591553,0.8106715679168701,0.18932843208312988,False,False,False,False
Nordland-clean,120,0.8748073577880859,0.9743611812591553,0.8163415789604187,0.1836584210395813,False,False,False,False
Nordland-clean,121,0.862772524356842,0.9743611812591553,0.8267568945884705,0.17324310541152954,False,False,False,False
Nordland-clean,122,0.7910997271537781,0.9152168035507202,0.808039128780365,0.191960871219635,False,False,False,True
Nordland-clean,123,0.876396656036377,0.9743611812591553,0.8149550557136536,0.18504494428634644,False,False,False,False
Nordland-clean,124,0.8838294148445129,0.9743611812591553,0.8084403276443481,0.19155967235565186,False,False,False,False
Nordland-clean,125,0.8850586414337158,0.9743611812591553,0.8073586225509644,0.19264137744903564,False,False,False,False
Nordland-clean,126,0.8797890543937683,0.9743611812591553,0.8119874596595764,0.18801254034042358,False,False,False,False
Nordland-clean,127,0.8751241564750671,0.9743611812591553,0.8160654306411743,0.18393456935882568,False,False,False,False
Nordland-clean,128,0.899518609046936,0.9743611812591553,0.7945582270622253,0.20544177293777466,False,False,False,False
Nordland-clean,129,0.8944662809371948,0.9743611812591553,0.7990447282791138,0.20095527172088623,False,False,False,False
Nordland-clean,130,0.8860527276992798,0.9743611812591553,0.8064829707145691,0.1935170292854309,False,False,False,False
Nordland-clean,131,0.8941030502319336,0.9743611812591553,0.79936683177948,0.20063316822052002,False,False,False,False
Nordland-clean,132,0.8904582262039185,0.9743611812591553,0.8025938868522644,0.1974061131477356,False,False,False,False
Nordland-clean,133,0.8745813369750977,0.9131710529327393,0.706010103225708,0.293989896774292,False,False,False,False
Nordland-clean,134,0.8981596231460571,0.9743611812591553,0.795766294002533,0.20423370599746704,False,False,False,False
Nordland-clean,135,0.877560019493103,0.9743611812591553,0.8139384984970093,0.18606150150299072,False,False,False,False
Nordland-clean,136,0.8587393760681152,0.9967737793922424,0.8544522523880005,0.1455477476119995,False,False,False,False
Nordland-clean,137,0.8581206798553467,0.9507807493209839,0.7981069087982178,0.20189309120178223,False,False,False,False
Nordland-clean,138,0.9095597267150879,0.9223753213882446,0.6870148181915283,0.3129851818084717,False,False,False,False
Nordland-clean,139,0.9949089288711548,0.985704779624939,0.7293127179145813,0.2706872820854187,False,False,False,False
Nordland-clean,140,0.9954342842102051,1.0,0.7504920363426208,0.24950796365737915,False,False,False,False
Nordland-clean,141,0.8662272691726685,0.9577973484992981,0.8010581135749817,0.1989418864250183,False,False,False,True
Nordland-clean,142,0.815058708190918,0.8043655157089233,0.4340174198150635,0.5659825801849365,False,False,True,True
Nordland-clean,143,0.7738907933235168,0.8011659383773804,0.4930537939071655,0.5069462060928345,False,False,True,True
Nordland-clean,144,0.8770904541015625,0.9370435476303101,0.7547173500061035,0.24528264999389648,False,False,False,False
Nordland-clean,145,0.672471284866333,0.8994879722595215,0.8978397250175476,0.10216027498245239,False,False,False,True
Nordland-clean,146,0.47155576944351196,0.8757345080375671,0.9751269221305847,0.024873077869415283,True,True,False,True
Nordland-clean,147,0.5432710647583008,0.8887699842453003,0.9600030779838562,0.0399969220161438,True,True,False,True
Nordland-clean,148,0.5467605590820312,0.9396911859512329,0.9766444563865662,0.023355543613433838,True,True,False,True
Nordland-clean,149,0.6241567730903625,0.9266108274459839,0.9479659199714661,0.052034080028533936,True,True,False,True
Nordland-clean,150,0.7322373390197754,0.9459888339042664,0.9006959199905396,0.09930408000946045,False,False,False,True
Nordland-clean,151,0.5764983296394348,0.7567968368530273,0.7089977860450745,0.29100221395492554,True,False,True,True
Nordland-clean,152,0.7812281250953674,0.8995993137359619,0.7895515561103821,0.21044844388961792,False,False,False,True
Nordland-clean,153,0.8358299732208252,0.9172496795654297,0.7612667679786682,0.2387332320213318,False,False,False,False
Nordland-clean,154,0.5970803499221802,0.8704991340637207,0.920725405216217,0.07927459478378296,True,True,False,True
Nordland-clean,155,0.6960849165916443,0.926323652267456,0.9079449772834778,0.09205502271652222,False,False,False,True
Nordland-clean,156,0.7414673566818237,0.9432839155197144,0.8915177583694458,0.1084822416305542,False,False,False,True
Nordland-clean,157,0.8771877288818359,0.9002665281295776,0.6698220372200012,0.3301779627799988,False,False,False,False
Nordland-clean,158,0.6439149975776672,0.9048669934272766,0.9228501319885254,0.07714986801147461,True,True,False,True
Nordland-clean,159,0.6684146523475647,0.9540567398071289,0.9428346157073975,0.05716538429260254,False,True,False,True
Nordland-clean,160,0.6156005859375,0.9245051741600037,0.9504705667495728,0.049529433250427246,True,True,False,True
Nordland-clean,161,0.7265128493309021,0.9310230016708374,0.8904430866241455,0.10955691337585449,False,False,False,True
Nordland-clean,162,0.822952389717102,0.845264196395874,0.575215220451355,0.424784779548645,False,False,False,False
Nordland-clean,163,0.8988566398620605,0.9082702398300171,0.6641578078269958,0.33584219217300415,False,False,False,False
Nordland-clean,164,0.4923343062400818,0.9878512620925903,0.9907428026199341,0.009257197380065918,True,True,False,True
Nordland-clean,165,0.7911176681518555,0.9105510711669922,0.7994842529296875,0.2005157470703125,False,False,False,True
Nordland-clean,166,0.8978270292282104,0.8976647853851318,0.636298418045044,0.36370158195495605,False,False,False,True
Nordland-clean,167,0.7604900002479553,0.9622960090637207,0.895233690738678,0.10476630926132202,False,False,False,True
Nordland-clean,168,0.7744690179824829,0.9741508960723877,0.8954834938049316,0.10451650619506836,False,False,False,True
Nordland-clean,169,0.7732608318328857,0.9944585561752319,0.9108090400695801,0.08919095993041992,False,False,False,True
Nordland-clean,170,0.7467087507247925,0.8387603759765625,0.6794329881668091,0.3205670118331909,False,False,False,True
Nordland-clean,171,0.7442634105682373,0.9059345722198486,0.84203040599823,0.15796959400177002,False,False,False,True
Nordland-clean,172,0.8196301460266113,0.995162844657898,0.8814038038253784,0.11859619617462158,False,False,False,True
Nordland-clean,173,0.8563762307167053,0.8699613213539124,0.6080795526504517,0.39192044734954834,False,False,False,True
Nordland-clean,174,0.8447520732879639,0.8991185426712036,0.7086117267608643,0.29138827323913574,False,False,False,True
Nordland-clean,175,0.7710224390029907,0.8003612756729126,0.495109498500824,0.504890501499176,False,False,True,False
Nordland-clean,176,0.8890402913093567,0.8534729480743408,0.5046325922012329,0.4953674077987671,False,False,False,False
Nordland-clean,177,0.791326105594635,0.8904256820678711,0.7569435834884644,0.24305641651153564,False,False,False,True
Nordland-clean,178,0.7925800085067749,0.9061098098754883,0.7892265915870667,0.21077340841293335,False,False,False,True
Nordland-clean,179,0.8235902786254883,0.9166284799575806,0.774167537689209,0.22583246231079102,False,False,False,True
Nordland-clean,180,0.7122948169708252,0.930128812789917,0.9001291394233704,0.09987086057662964,False,False,False,True
Nordland-clean,181,0.9442934393882751,0.9449288249015808,0.7003446817398071,0.29965531826019287,False,False,False,False
Nordland-clean,182,0.8735288977622986,0.9632387161254883,0.8022401928901672,0.19775980710983276,False,False,False,True
Nordland-clean,183,0.966272234916687,0.8944684267044067,0.5444381833076477,0.4555618166923523,False,False,False,False
Nordland-clean,184,0.7207943201065063,0.8818626403808594,0.8256494998931885,0.17435050010681152,False,False,False,True
Nordland-clean,185,0.903748095035553,0.7871623039245605,0.25437137484550476,0.7456285953521729,False,False,True,False
Nordland-clean,186,0.9198369979858398,0.753874659538269,0.1539156138896942,0.8460843563079834,False,False,True,True
Nordland-clean,187,0.9131003618240356,0.7861758470535278,0.2421291172504425,0.7578709125518799,False,False,True,True
Nordland-clean,188,0.9007320404052734,0.8806384205818176,0.5809178948402405,0.4190821051597595,False,False,False,False
Nordland-clean,189,0.9318289756774902,0.7730807065963745,0.19013074040412903,0.8098692893981934,False,False,True,False
Nordland-clean,190,0.9160723686218262,0.7861758470535278,0.23928864300251007,0.7607113718986511,False,False,True,True
Nordland-clean,191,0.9152568578720093,0.8175321817398071,0.3412730097770691,0.6587269902229309,False,False,False,False
Nordland-clean,192,0.6750849485397339,0.8536064624786377,0.8236902952194214,0.1763097047805786,False,False,False,False
Nordland-clean,193,0.847777247428894,0.8061018586158752,0.38943198323249817,0.6105680465698242,False,False,True,False
Nordland-clean,194,0.7691884636878967,0.9402786493301392,0.8661384582519531,0.13386154174804688,False,False,False,True
Nordland-clean,195,0.7386828660964966,0.9377356767654419,0.8880584836006165,0.11194151639938354,False,False,False,True
Nordland-clean,196,0.7688724398612976,0.9460077881813049,0.8729636669158936,0.12703633308410645,False,False,False,True
Nordland-clean,197,0.9027309417724609,0.863344132900238,0.5205086469650269,0.47949135303497314,False,False,False,False
Nordland-clean,198,0.8574576377868652,0.9668416976928711,0.8218127489089966,0.17818725109100342,False,False,False,True
Nordland-clean,199,0.9281840324401855,0.8920189738273621,0.5816214084625244,0.4183785915374756,False,False,False,False
Nordland-clean,200,0.9127588272094727,0.9167824387550354,0.6695829629898071,0.33041703701019287,False,False,False,False
Nordland-clean,201,0.7417445182800293,0.942438006401062,0.8904798626899719,0.10952013731002808,False,False,False,True
Nordland-clean,202,0.4886852502822876,0.7073693871498108,0.7037102580070496,0.29628974199295044,True,False,True,True
Nordland-clean,203,0.6285662055015564,0.8885782957077026,0.9178168773651123,0.0821831226348877,True,False,False,True
Nordland-clean,204,0.9017232656478882,0.9622079133987427,0.7742306590080261,0.22576934099197388,False,False,False,True
Nordland-clean,205,0.883133590221405,0.8938707113265991,0.6443206071853638,0.35567939281463623,False,False,False,True
Nordland-clean,206,0.8683128952980042,0.8883514404296875,0.6480095386505127,0.3519904613494873,False,False,False,True
Nordland-clean,207,0.7905583381652832,0.9379661083221436,0.8441597819328308,0.1558402180671692,False,False,False,True
Nordland-clean,208,0.7979192733764648,0.9446766376495361,0.8463584184646606,0.15364158153533936,False,False,False,True
Nordland-clean,209,0.6858081817626953,0.9725247621536255,0.9440850019454956,0.055914998054504395,False,True,False,True
Nordland-clean,210,0.6719053983688354,0.9222226142883301,0.9201324582099915,0.07986754179000854,False,True,False,True
Nordland-clean,211,0.645194411277771,0.9723341464996338,0.9596115946769714,0.040388405323028564,True,True,False,True
Nordland-clean,212,0.6004902124404907,0.9330771565437317,0.9600984454154968,0.039901554584503174,True,True,False,True
Nordland-clean,213,0.5857229232788086,0.9291819930076599,0.9634085893630981,0.036591410636901855,True,True,False,True
Nordland-clean,214,0.6265465021133423,0.9568586349487305,0.9604255557060242,0.03957444429397583,True,True,False,True
Nordland-clean,215,0.7468268871307373,0.9444165229797363,0.888615071773529,0.11138492822647095,False,False,False,True
Nordland-clean,216,0.7942101955413818,0.9790068864822388,0.8857962489128113,0.11420375108718872,False,False,False,True
Nordland-clean,217,0.5696550607681274,0.9595208764076233,0.9763349294662476,0.02366507053375244,True,True,False,True
Nordland-clean,218,0.7210301160812378,0.9712871313095093,0.9262121319770813,0.0737878680229187,False,True,False,True
Nordland-clean,219,0.8435910940170288,0.9617161750793457,0.8274630308151245,0.1725369691848755,False,False,False,True
Nordland-clean,220,0.7519842386245728,0.9017566442489624,0.8269713521003723,0.17302864789962769,False,False,False,True
Nordland-clean,221,0.9104825854301453,0.8754457831382751,0.5511928796768188,0.44880712032318115,False,False,False,False
Nordland-clean,222,0.806528627872467,0.9216306805610657,0.8026401400566101,0.1973598599433899,False,False,False,False
Nordland-clean,223,0.7516283988952637,0.8377698063850403,0.6679921746253967,0.33200782537460327,False,False,False,True
Nordland-clean,224,0.9299805164337158,0.8869737386703491,0.56369948387146,0.43630051612854004,False,False,False,True
Nordland-clean,225,0.9149187207221985,0.8392464518547058,0.4187204837799072,0.5812795162200928,False,False,False,True
Nordland-clean,226,0.7548193335533142,0.950048565864563,0.8881361484527588,0.11186385154724121,False,False,False,True
Nordland-clean,227,0.8688547611236572,0.89984130859375,0.6793646216392517,0.3206353783607483,False,False,False,False
Nordland-clean,228,0.4329478442668915,0.8851513862609863,0.9845190048217773,0.015480995178222656,True,True,False,False
Nordland-clean,229,0.8766211867332458,0.7257426977157593,0.12588992714881897,0.8741101026535034,False,False,True,True
Nordland-clean,230,0.838433027267456,0.8356623649597168,0.5153896808624268,0.48461031913757324,False,False,False,True
Nordland-clean,231,0.8873593211174011,0.9068150520324707,0.6744398474693298,0.32556015253067017,False,False,False,True
Nordland-clean,232,0.9411797523498535,0.8955675363540649,0.5767877697944641,0.4232122302055359,False,False,False,True
Nordland-clean,233,0.8706086874008179,0.871434211730957,0.5924404859542847,0.40755951404571533,False,False,False,True
Nordland-clean,234,0.8663725852966309,0.9198464155197144,0.731171190738678,0.268828809261322,False,False,False,True
Nordland-clean,235,0.8266111612319946,0.9388392567634583,0.8105236291885376,0.1894763708114624,False,False,False,True
Nordland-clean,236,0.7622697353363037,0.9239358901977539,0.8512486815452576,0.14875131845474243,False,False,False,True
Nordland-clean,237,0.7675559520721436,0.8639425039291382,0.7222456336021423,0.27775436639785767,False,False,False,True
Nordland-clean,238,0.8233412504196167,0.8530111312866211,0.6016369462013245,0.39836305379867554,False,False,False,False
Nordland-clean,239,0.9316155910491943,0.9132418632507324,0.6385399103164673,0.3614600896835327,False,False,False,False
Nordland-clean,240,0.8764668703079224,0.9580241441726685,0.7916637659072876,0.2083362340927124,False,False,False,False
Nordland-clean,241,0.8830314874649048,0.9380456209182739,0.7503073215484619,0.24969267845153809,False,False,False,False
Nordland-clean,242,0.898823618888855,0.9176440238952637,0.687992513179779,0.31200748682022095,False,False,False,False
Nordland-clean,243,0.9332585334777832,0.9410333037376404,0.7033975720405579,0.29660242795944214,False,False,False,True
Nordland-clean,244,0.6971592903137207,0.9124346971511841,0.8931558728218079,0.10684412717819214,False,False,False,True
Nordland-clean,245,0.8230913877487183,0.8182533979415894,0.4743475914001465,0.5256524085998535,False,False,False,False
Nordland-clean,246,0.5992400050163269,0.8683574199676514,0.9171215891838074,0.08287841081619263,True,False,False,True
Nordland-clean,247,0.7158393859863281,0.9212803840637207,0.8882806301116943,0.11171936988830566,False,False,False,True
Nordland-clean,248,0.7450413703918457,0.9324074983596802,0.8772066235542297,0.12279337644577026,False,False,False,True
Nordland-clean,249,0.7486373782157898,0.8673266172409058,0.7584018707275391,0.24159812927246094,False,False,False,True
Nordland-clean,250,0.5816106796264648,0.9263808131217957,0.9636348485946655,0.03636515140533447,True,True,False,True
Nordland-clean,251,0.6028134822845459,0.9456552267074585,0.9640622735023499,0.035937726497650146,True,True,False,False
Nordland-clean,252,0.8220353126525879,0.8683136701583862,0.6535748243331909,0.3464251756668091,False,False,False,True
Nordland-clean,253,0.7595505714416504,0.9159735441207886,0.8422592878341675,0.15774071216583252,False,False,False,True
Nordland-clean,254,0.8740894794464111,0.925370454788208,0.7343060970306396,0.26569390296936035,False,False,False,True
Nordland-clean,255,0.7806559801101685,0.8804028630256653,0.7469669580459595,0.2530330419540405,False,False,False,True
Nordland-clean,256,0.8897613286972046,0.8420720100402832,0.4624641537666321,0.5375358462333679,False,False,False,True
Nordland-clean,257,0.8599289059638977,0.9068100452423096,0.7085281014442444,0.2914718985557556,False,False,False,True
Nordland-clean,258,0.7808114290237427,0.9031033515930176,0.797031581401825,0.20296841859817505,False,False,False,True
Nordland-clean,259,0.7033877968788147,0.874845027923584,0.8322809934616089,0.1677190065383911,False,False,False,True
Nordland-clean,260,0.867903470993042,0.9599786996841431,0.8027167320251465,0.19728326797485352,False,False,False,False
Nordland-clean,261,0.8188265562057495,0.8538305759429932,0.6115548610687256,0.3884451389312744,False,False,False,True
Nordland-clean,262,0.8444046378135681,0.9277037978172302,0.7723435163497925,0.22765648365020752,False,False,False,True
Nordland-clean,263,0.8950701951980591,0.9012628793716431,0.6498939394950867,0.35010606050491333,False,False,False,True
Nordland-clean,264,0.6830475330352783,0.902074933052063,0.8925111293792725,0.10748887062072754,False,False,False,True
Nordland-clean,265,0.9458918571472168,0.8175321817398071,0.30769139528274536,0.6923086047172546,False,False,False,True
Nordland-clean,266,0.683745801448822,0.9192090630531311,0.9098231196403503,0.09017688035964966,False,False,False,True
Nordland-clean,267,0.9500710964202881,0.8175321817398071,0.30346542596817017,0.6965345740318298,False,False,False,True
Nordland-clean,268,0.9311777949333191,0.753874659538269,0.1465698778629303,0.8534301519393921,False,False,True,False
Nordland-clean,269,0.8040727972984314,0.9389065504074097,0.8327370882034302,0.16726291179656982,False,False,False,True
Nordland-clean,270,0.8824353218078613,0.9860435724258423,0.8243025541305542,0.1756974458694458,False,False,False,False
Nordland-clean,271,0.8577443361282349,0.8703665733337402,0.6074092984199524,0.3925907015800476,False,False,False,True
Nordland-clean,272,0.8358205556869507,0.8913677930831909,0.7002853155136108,0.29971468448638916,False,False,False,True
Nordland-clean,273,0.617513120174408,0.927940309047699,0.951438307762146,0.048561692237854004,True,True,False,True
Nordland-clean,274,0.8228285312652588,0.8165423274040222,0.46820810437202454,0.5317919254302979,False,False,False,True
Nordland-clean,275,0.8165727853775024,0.8672091960906982,0.6583526134490967,0.3416473865509033,False,False,False,True
Nordland-clean,276,0.6926385164260864,0.9720996618270874,0.940828800201416,0.059171199798583984,False,True,False,True
Nordland-clean,277,0.7236009836196899,0.8587868809700012,0.7719875574111938,0.22801244258880615,False,False,False,True
Nordland-clean,278,0.7859629392623901,0.8843599557876587,0.7495442032814026,0.2504557967185974,False,False,False,True
Nordland-clean,279,0.8617441654205322,0.9060255289077759,0.7043213844299316,0.29567861557006836,False,False,False,True
Nordland-clean,280,0.9468810558319092,0.9175984859466553,0.6328502893447876,0.3671497106552124,False,False,False,True
Nordland-clean,281,0.68373703956604,0.9284839630126953,0.9178945422172546,0.08210545778274536,False,False,False,False
Nordland-clean,282,0.866672694683075,0.9754860401153564,0.8248032927513123,0.17519670724868774,False,False,False,False
Nordland-clean,283,0.8985809087753296,0.9221913814544678,0.6991457343101501,0.30085426568984985,False,False,False,True
Nordland-clean,284,0.8411445617675781,0.8469250202178955,0.5522711277008057,0.44772887229919434,False,False,False,True
Nordland-clean,285,0.7362171411514282,0.9276415109634399,0.8790011405944824,0.12099885940551758,False,False,False,True
Nordland-clean,286,0.8786343336105347,0.8670670986175537,0.5665674805641174,0.43343251943588257,False,False,False,True
Nordland-clean,287,0.794999897480011,0.9697206020355225,0.8768316507339478,0.12316834926605225,False,False,False,True
Nordland-clean,288,0.870615541934967,0.8672617673873901,0.578635573387146,0.421364426612854,False,False,False,True
Nordland-clean,289,0.9181356430053711,0.9047431349754333,0.6311950087547302,0.3688049912452698,False,False,False,True
Nordland-clean,290,0.9166643619537354,0.9458662271499634,0.7303895354270935,0.2696104645729065,False,False,False,True
Nordland-clean,291,0.9225233197212219,0.9156055450439453,0.6552519202232361,0.3447480797767639,False,False,False,True
Nordland-clean,292,0.9054989814758301,0.8942256569862366,0.6165785789489746,0.3834214210510254,False,False,False,False
Nordland-clean,293,0.9273226261138916,0.9666330218315125,0.7574331760406494,0.24256682395935059,False,False,False,False
Nordland-clean,294,0.8123551607131958,0.8858259916305542,0.7175070643424988,0.2824929356575012,False,False,False,True
Nordland-clean,295,0.8265540599822998,0.9141662120819092,0.7657204270362854,0.2342795729637146,False,False,False,False
Nordland-clean,296,0.8860058784484863,0.8733493089675903,0.5771758556365967,0.4228241443634033,False,False,False,False
Nordland-clean,297,0.8726662397384644,0.8934462070465088,0.65683513879776,0.34316486120224,False,False,False,True
Nordland-clean,298,0.8323764204978943,0.871403694152832,0.6477866172790527,0.35221338272094727,False,False,False,True
Nordland-clean,299,0.9261069297790527,0.8821984529495239,0.5532582402229309,0.4467417597770691,False,False,False,False
Nordland-clean,300,0.8043745756149292,0.8784511685371399,0.7089036703109741,0.2910963296890259,False,False,False,True
Nordland-clean,301,0.5786628723144531,0.9244387745857239,0.9638148546218872,0.03618514537811279,True,True,False,True
Nordland-clean,302,0.6906428337097168,0.8759186267852783,0.8481836318969727,0.15181636810302734,False,False,False,True
Nordland-clean,303,0.9597455263137817,0.8033511638641357,0.25028398633003235,0.74971604347229,False,False,True,True
Nordland-clean,304,0.9280816316604614,0.9529919028282166,0.7326186895370483,0.26738131046295166,False,False,False,False
Nordland-clean,305,0.9087658524513245,0.9168028831481934,0.6742855906486511,0.3257144093513489,False,False,False,False
Nordland-clean,306,0.7938027381896973,0.9255017638206482,0.8225609660148621,0.17743903398513794,False,False,False,True
Nordland-clean,307,0.9337723255157471,0.9008240103721619,0.6012548208236694,0.39874517917633057,False,False,False,False
Nordland-clean,308,0.8084473609924316,0.9674011468887329,0.8640519976615906,0.13594800233840942,False,False,False,True
Nordland-clean,309,0.9210493564605713,0.959027886390686,0.7504369020462036,0.2495630979537964,False,False,False,False
Nordland-clean,310,0.9103995561599731,0.9115415811538696,0.6588741540908813,0.34112584590911865,False,False,False,False
Nordland-clean,311,0.7881624698638916,0.919185996055603,0.8180619478225708,0.1819380521774292,False,False,False,True
Nordland-clean,312,0.675816535949707,0.9232165813446045,0.9185190200805664,0.0814809799194336,False,False,False,True
Nordland-clean,313,0.7059643268585205,0.9231849312782288,0.8978775143623352,0.1021224856376648,False,False,False,True
Nordland-clean,314,0.8185296058654785,0.9549230337142944,0.8410742878913879,0.15892571210861206,False,False,False,True
Nordland-clean,315,0.8592119216918945,0.8955965042114258,0.6805063486099243,0.3194936513900757,False,False,False,True
Nordland-clean,316,0.8875943422317505,0.958549976348877,0.7818387746810913,0.2181612253189087,False,False,False,True
Nordland-clean,317,0.9420567750930786,0.9073190093040466,0.6102194786071777,0.38978052139282227,False,False,False,True
Nordland-clean,318,0.7701963186264038,0.8493040800094604,0.6746517419815063,0.32534825801849365,False,False,False,True
Nordland-clean,319,0.83344566822052,0.8643885254859924,0.6239696741104126,0.3760303258895874,False,False,False,True
Nordland-clean,320,0.8135425448417664,0.8710341453552246,0.6744612455368042,0.3255387544631958,False,False,False,True
Nordland-clean,321,0.8556597232818604,0.9579150676727295,0.8111756443977356,0.1888243556022644,False,False,False,True
Nordland-clean,322,0.6563413143157959,0.9110885858535767,0.9204774498939514,0.07952255010604858,True,True,False,True
Nordland-clean,323,0.816807746887207,0.9260116219520569,0.7992916107177734,0.20070838928222656,False,False,False,True
Nordland-clean,324,0.7960611581802368,0.8813761472702026,0.7283178567886353,0.27168214321136475,False,False,False,True
Nordland-clean,325,0.7652928829193115,0.9182908535003662,0.8400817513465881,0.15991824865341187,False,False,False,True
Nordland-clean,326,0.7505430579185486,0.9472154378890991,0.8885786533355713,0.11142134666442871,False,False,False,True
Nordland-clean,327,0.46456801891326904,0.8188725709915161,0.9484612941741943,0.051538705825805664,True,True,False,False
Nordland-clean,328,0.9091704487800598,0.8456188440322876,0.4490823447704315,0.5509176254272461,False,False,False,False
Nordland-clean,329,0.9444960355758667,0.777499794960022,0.19165901839733124,0.8083409667015076,False,False,True,False
Nordland-clean,330,0.8484537601470947,0.8254597187042236,0.461372047662735,0.5386279821395874,False,False,False,False
Nordland-clean,331,0.9069811105728149,0.874144971370697,0.5514861345291138,0.44851386547088623,False,False,False,False
Nordland-clean,332,0.8430461287498474,0.8950082659721375,0.7002554535865784,0.29974454641342163,False,False,False,False
Nordland-clean,333,0.9215341806411743,0.8268893957138062,0.3665315806865692,0.6334683895111084,False,False,False,False
Nordland-clean,334,0.8654349446296692,0.8236238956451416,0.4289731979370117,0.5710268020629883,False,False,False,True
Nordland-clean,335,0.7879572510719299,0.8335583209991455,0.5914474129676819,0.4085525870323181,False,False,False,True
Nordland-clean,336,0.9141948223114014,0.9283235669136047,0.695739209651947,0.304260790348053,False,False,False,True
Nordland-clean,337,0.6863781213760376,0.8121565580368042,0.6959486603736877,0.30405133962631226,False,False,False,True
Nordland-clean,338,0.7605963945388794,0.7795345783233643,0.4313654601573944,0.5686345100402832,False,False,True,False
Nordland-clean,339,0.7822255492210388,0.8203345537185669,0.5524483323097229,0.4475516676902771,False,False,False,True
Nordland-clean,340,0.73923659324646,0.9152611494064331,0.8607227802276611,0.13927721977233887,False,False,False,False
Nordland-clean,341,0.6528321504592896,0.9161257743835449,0.9266999363899231,0.0733000636100769,True,True,False,True
Nordland-clean,342,0.8006236553192139,0.9541288614273071,0.8557165861129761,0.14428341388702393,False,False,False,True
Nordland-clean,343,0.8704402446746826,0.8273366689682007,0.4355440139770508,0.5644559860229492,False,False,False,True
Nordland-clean,344,0.6418783068656921,0.7545615434646606,0.5686637759208679,0.4313362240791321,True,False,True,False
Nordland-clean,345,0.6652314066886902,0.882530927658081,0.8828668594360352,0.11713314056396484,False,False,False,True
Nordland-clean,346,0.790259063243866,0.8509336709976196,0.6475597620010376,0.3524402379989624,False,False,False,False
Nordland-clean,347,0.8325672149658203,0.9323687553405762,0.7936391234397888,0.20636087656021118,False,False,False,True
Nordland-clean,348,0.8996759653091431,0.7804413437843323,0.23832887411117554,0.7616711258888245,False,False,True,True
Nordland-clean,349,0.9417685270309448,0.9115896224975586,0.6224335432052612,0.37756645679473877,False,False,False,False
Nordland-clean,350,0.756507158279419,0.8326342701911926,0.6424115896224976,0.35758841037750244,False,False,False,True
Nordland-clean,351,0.5324174165725708,0.8670844435691833,0.952118456363678,0.04788154363632202,True,True,False,False
Nordland-clean,352,0.7960864305496216,0.8187022805213928,0.5218438506126404,0.4781561493873596,False,False,False,False
Nordland-clean,353,0.9090026021003723,0.8956620693206787,0.6163948178291321,0.3836051821708679,False,False,False,False
Nordland-clean,354,0.9274293184280396,0.9174455404281616,0.6543657779693604,0.34563422203063965,False,False,False,True
Nordland-clean,355,0.907801628112793,0.7107922434806824,0.08601489663124084,0.9139851331710815,False,False,True,False
Nordland-clean,356,0.9387423396110535,0.7940609455108643,0.2414674162864685,0.7585325837135315,False,False,True,False
Nordland-clean,357,0.8806142807006836,0.8420273065567017,0.4751914143562317,0.5248085856437683,False,False,False,True
Nordland-clean,358,0.6421562433242798,0.8923890590667725,0.9124137759208679,0.08758622407913208,True,False,False,True
Nordland-clean,359,0.7144529223442078,0.7933491468429565,0.5751863121986389,0.4248136878013611,False,False,True,True
Nordland-clean,360,0.6971250772476196,0.9362101554870605,0.915747880935669,0.08425211906433105,False,False,False,True
Nordland-clean,361,0.7107230424880981,0.9215887188911438,0.8926146626472473,0.10738533735275269,False,False,False,True
Nordland-clean,362,0.7300666570663452,0.8552761077880859,0.7538297176361084,0.2461702823638916,False,False,False,True
Nordland-clean,363,0.860858678817749,0.9614076018333435,0.8113266825675964,0.18867331743240356,False,False,False,True
Nordland-clean,364,0.726220965385437,0.8190597295761108,0.6485922932624817,0.3514077067375183,False,False,False,True
Nordland-clean,365,0.7678864002227783,0.8840669989585876,0.7726442813873291,0.2273557186126709,False,False,False,True
Nordland-clean,366,0.9430028200149536,0.8204849362373352,0.3204624056816101,0.6795375943183899,False,False,False,False
Nordland-clean,367,0.8495392799377441,0.966052234172821,0.8278051614761353,0.17219483852386475,False,False,False,True
Nordland-clean,368,0.6857348680496216,0.9319590330123901,0.919444739818573,0.080555260181427,False,True,False,True
Nordland-clean,369,0.7585521340370178,0.8792496919631958,0.7737399935722351,0.2262600064277649,False,False,False,True
Nordland-clean,370,0.670685887336731,0.8716458082199097,0.8616648316383362,0.13833516836166382,False,False,False,True
Nordland-clean,371,0.7314131855964661,0.9228945970535278,0.877424418926239,0.12257558107376099,False,False,False,True
Nordland-clean,372,0.9051811695098877,0.8397520780563354,0.4331497251987457,0.5668503046035767,False,False,False,True
Nordland-clean,373,0.7865116596221924,0.9136316180229187,0.8102351427078247,0.1897648572921753,False,False,False,True
Nordland-clean,374,0.5840343236923218,0.9235020875930786,0.9617167115211487,0.03828328847885132,True,True,False,True
Nordland-clean,375,0.6116982698440552,0.8548680543899536,0.8914375901222229,0.1085624098777771,True,False,False,True
Nordland-clean,376,0.5793702602386475,0.8605121970176697,0.9222224354743958,0.07777756452560425,True,True,False,True
Nordland-clean,377,0.9547476768493652,0.903455376625061,0.584576427936554,0.41542357206344604,False,False,False,False
Nordland-clean,378,0.669762372970581,0.7812227010726929,0.6166502237319946,0.38334977626800537,False,False,True,True
Nordland-clean,379,0.8763655424118042,0.8774772882461548,0.6038402915000916,0.39615970849990845,False,False,False,False
Nordland-clean,380,0.7761504650115967,0.7752059698104858,0.386740118265152,0.6132599115371704,False,False,True,True
Nordland-clean,381,0.8000810146331787,0.9045020341873169,0.7770749926567078,0.22292500734329224,False,False,False,True
Nordland-clean,382,0.7185282707214355,0.8856905102729797,0.8351855874061584,0.16481441259384155,False,False,False,True
Nordland-clean,383,0.6854124069213867,0.805057942867279,0.6737298965454102,0.32627010345458984,False,False,True,True
Nordland-clean,384,0.61674964427948,0.9039921760559082,0.9374827146530151,0.06251728534698486,True,True,False,True
Nordland-clean,385,0.7348397970199585,0.7986150979995728,0.556269109249115,0.443730890750885,False,False,True,False
Nordland-clean,386,0.8274096846580505,0.8963203430175781,0.7241283059120178,0.2758716940879822,False,False,False,False
Nordland-clean,387,0.7921097278594971,0.972266435623169,0.8813635110855103,0.11863648891448975,False,False,False,False
Nordland-clean,388,0.8831996917724609,0.8836275339126587,0.6137404441833496,0.3862595558166504,False,False,False,False
Nordland-clean,389,0.8276339769363403,0.8285937309265137,0.506294310092926,0.493705689907074,False,False,False,True
Nordland-clean,390,0.8288254141807556,0.9057971239089966,0.7448288798332214,0.25517112016677856,False,False,False,False
Nordland-clean,391,0.8285211324691772,0.9308860898017883,0.7953361868858337,0.20466381311416626,False,False,False,True
Nordland-clean,392,0.5253256559371948,0.8286635875701904,0.9241387844085693,0.07586121559143066,True,True,False,False
Nordland-clean,393,0.9534956216812134,0.8100200295448303,0.2761828601360321,0.7238171100616455,False,False,True,True
Nordland-clean,394,0.5667476058006287,0.7814228534698486,0.7992263436317444,0.20077365636825562,True,False,True,True
Nordland-clean,395,0.7080657482147217,0.8055593967437744,0.6336106061935425,0.3663893938064575,False,False,True,True
Nordland-clean,396,0.6864802241325378,0.9589791893959045,0.9369412064552307,0.06305879354476929,False,True,False,True
Nordland-clean,397,0.8327434659004211,0.8941106200218201,0.7115478515625,0.2884521484375,False,False,False,False
Nordland-clean,398,0.7873172760009766,0.8245455026626587,0.5593575835227966,0.44064241647720337,False,False,False,True
Nordland-clean,399,0.8810401558876038,0.8566755056381226,0.5272956490516663,0.47270435094833374,False,False,False,False
